timestamp1,Hora,timestamp2,Hpaso21,Hpaso22
2019-01-21 11:17:46.557392,2019-01-21 11:18:06.899,2019-01-21 11:18:06.724139,2019-01-21 11:17:47.46,2019-01-21 11:18:06.873
2019-01-21 11:17:46.553651,2019-01-21 11:18:08.286,2019-01-21 11:18:06.719564,2019-01-21 11:17:46.936,2019-01-21 11:18:08.285
2019-01-21 11:17:46.554158,2019-01-21 11:18:08.436,2019-01-21 11:18:06.720099,2019-01-21 11:17:46.935,2019-01-21 11:18:08.435
2019-01-21 11:17:46.552720,2019-01-21 11:18:08.585,2019-01-21 11:18:06.718653,2019-01-21 11:17:47.34,2019-01-21 11:18:08.584
2019-01-21 11:17:46.563900,2019-01-21 11:18:08.728,2019-01-21 11:18:06.731942,2019-01-21 11:17:47.329,2019-01-21 11:18:08.727
2019-01-21 11:17:46.562864,2019-01-21 11:18:08.863,2019-01-21 11:18:06.730908,2019-01-21 11:17:47.232,2019-01-21 11:18:08.862
2019-01-21 11:17:46.555895,2019-01-21 11:18:08.995,2019-01-21 11:18:06.722257,2019-01-21 11:17:46.766,2019-01-21 11:18:08.994
2019-01-21 11:17:46.553407,2019-01-21 11:18:09.134,2019-01-21 11:18:06.719302,2019-01-21 11:17:46.830,2019-01-21 11:18:09.132
2019-01-21 11:17:46.557151,2019-01-21 11:18:09.535,2019-01-21 11:18:06.723783,2019-01-21 11:17:47.145,2019-01-21 11:18:09.531
2019-01-21 11:17:46.562126,2019-01-21 11:18:10.42,2019-01-21 11:18:06.730176,2019-01-21 11:17:47.549,2019-01-21 11:18:10.41
2019-01-21 11:17:46.561633,2019-01-21 11:18:10.179,2019-01-21 11:18:06.729692,2019-01-21 11:17:47.530,2019-01-21 11:18:10.177
2019-01-21 11:17:46.554905,2019-01-21 11:18:10.306,2019-01-21 11:18:06.720937,2019-01-21 11:17:47.241,2019-01-21 11:18:10.305
2019-01-21 11:17:46.554659,2019-01-21 11:18:10.439,2019-01-21 11:18:06.720647,2019-01-21 11:17:47.564,2019-01-21 11:18:10.438
2019-01-21 11:17:46.561885,2019-01-21 11:18:10.575,2019-01-21 11:18:06.729930,2019-01-21 11:17:47.243,2019-01-21 11:18:10.574
2019-01-21 11:17:46.556646,2019-01-21 11:18:10.710,2019-01-21 11:18:06.723227,2019-01-21 11:17:46.728,2019-01-21 11:18:10.709
2019-01-21 11:17:46.553189,2019-01-21 11:18:10.844,2019-01-21 11:18:06.719071,2019-01-21 11:17:46.829,2019-01-21 11:18:10.839
2019-01-21 11:17:46.565383,2019-01-21 11:18:10.978,2019-01-21 11:18:06.770389,2019-01-21 11:17:46.946,2019-01-21 11:18:10.977
2019-01-21 11:17:46.573891,2019-01-21 11:18:11.109,2019-01-21 11:18:06.773626,2019-01-21 11:17:47.35,2019-01-21 11:18:11.108
2019-01-21 11:17:46.555148,2019-01-21 11:18:11.242,2019-01-21 11:18:06.721259,2019-01-21 11:17:47.631,2019-01-21 11:18:11.240
2019-01-21 11:17:46.557880,2019-01-21 11:18:11.382,2019-01-21 11:18:06.728960,2019-01-21 11:17:46.835,2019-01-21 11:18:11.380
2019-01-21 11:17:46.556898,2019-01-21 11:18:11.517,2019-01-21 11:18:06.723508,2019-01-21 11:17:47.635,2019-01-21 11:18:11.515
2019-01-21 11:17:46.554415,2019-01-21 11:18:11.662,2019-01-21 11:18:06.720377,2019-01-21 11:17:46.832,2019-01-21 11:18:11.661
2019-01-21 11:17:46.587000,2019-01-21 11:18:11.803,2019-01-21 11:18:06.828265,2019-01-21 11:17:47.566,2019-01-21 11:18:11.802
2019-01-21 11:17:46.565643,2019-01-21 11:18:11.936,2019-01-21 11:18:06.770668,2019-01-21 11:17:47.431,2019-01-21 11:18:11.935
2019-01-21 11:17:46.585803,2019-01-21 11:18:12.71,2019-01-21 11:18:06.784009,2019-01-21 11:17:47.572,2019-01-21 11:18:12.67
2019-01-21 11:17:46.583404,2019-01-21 11:18:12.205,2019-01-21 11:18:06.782100,2019-01-21 11:17:47.440,2019-01-21 11:18:12.204
2019-01-21 11:17:46.571978,2019-01-21 11:18:12.340,2019-01-21 11:18:06.771425,2019-01-21 11:17:47.38,2019-01-21 11:18:12.338
2019-01-21 11:17:46.584984,2019-01-21 11:18:12.493,2019-01-21 11:18:06.783070,2019-01-21 11:17:47.453,2019-01-21 11:18:12.493
2019-01-21 11:17:46.562371,2019-01-21 11:18:12.646,2019-01-21 11:18:06.730419,2019-01-21 11:17:47.129,2019-01-21 11:18:12.645
2019-01-21 11:17:46.563646,2019-01-21 11:18:12.792,2019-01-21 11:18:06.731657,2019-01-21 11:17:47.137,2019-01-21 11:18:12.791
2019-01-21 11:17:46.563105,2019-01-21 11:18:13.290,2019-01-21 11:18:06.731152,2019-01-21 11:17:47.452,2019-01-21 11:18:13.288
2019-01-21 11:17:46.556403,2019-01-21 11:18:13.428,2019-01-21 11:18:06.722943,2019-01-21 11:17:47.50,2019-01-21 11:18:13.427
2019-01-21 11:17:46.575812,2019-01-21 11:18:13.559,2019-01-21 11:18:06.780416,2019-01-21 11:17:47.531,2019-01-21 11:18:13.557
2019-01-21 11:17:46.555404,2019-01-21 11:18:13.692,2019-01-21 11:18:06.721597,2019-01-21 11:17:47.143,2019-01-21 11:18:13.691
2019-01-21 11:17:46.564159,2019-01-21 11:18:13.828,2019-01-21 11:18:06.732215,2019-01-21 11:17:47.436,2019-01-21 11:18:13.827
2019-01-21 11:17:46.584211,2019-01-21 11:18:13.958,2019-01-21 11:18:06.782586,2019-01-21 11:17:47.49,2019-01-21 11:18:13.957
2019-01-21 11:17:46.564410,2019-01-21 11:18:14.95,2019-01-21 11:18:06.732477,2019-01-21 11:17:46.932,2019-01-21 11:18:14.93
2019-01-21 11:17:46.573394,2019-01-21 11:18:14.235,2019-01-21 11:18:06.773126,2019-01-21 11:17:46.764,2019-01-21 11:18:14.233
2019-01-21 11:17:46.575421,2019-01-21 11:18:14.377,2019-01-21 11:18:06.780037,2019-01-21 11:17:47.340,2019-01-21 11:18:14.376
2019-01-21 11:17:46.553908,2019-01-21 11:18:14.509,2019-01-21 11:18:06.719833,2019-01-21 11:17:46.836,2019-01-21 11:18:14.508
2019-01-21 11:17:46.557631,2019-01-21 11:18:14.642,2019-01-21 11:18:06.728639,2019-01-21 11:17:47.146,2019-01-21 11:18:14.641
2019-01-21 11:17:46.586742,2019-01-21 11:18:14.776,2019-01-21 11:18:06.827236,2019-01-21 11:17:47.533,2019-01-21 11:18:14.773
2019-01-21 11:17:46.584533,2019-01-21 11:18:14.918,2019-01-21 11:18:06.782829,2019-01-21 11:17:47.568,2019-01-21 11:18:14.916
2019-01-21 11:17:46.573124,2019-01-21 11:18:15.52,2019-01-21 11:18:06.772866,2019-01-21 11:17:47.230,2019-01-21 11:18:15.51
2019-01-21 11:17:46.555650,2019-01-21 11:18:15.192,2019-01-21 11:18:06.721929,2019-01-21 11:17:47.140,2019-01-21 11:18:15.191
2019-01-21 11:17:46.561286,2019-01-21 11:18:15.342,2019-01-21 11:18:06.729448,2019-01-21 11:17:46.833,2019-01-21 11:18:15.341
2019-01-21 11:17:46.621011,2019-01-21 11:18:15.499,2019-01-21 11:18:06.830287,2019-01-21 11:17:47.551,2019-01-21 11:18:15.498
2019-01-21 11:17:46.622710,2019-01-21 11:18:15.651,2019-01-21 11:18:07.047966,2019-01-21 11:17:47.229,2019-01-21 11:18:15.651
2019-01-21 11:17:46.572794,2019-01-21 11:18:15.808,2019-01-21 11:18:06.772584,2019-01-21 11:17:47.540,2019-01-21 11:18:15.806
2019-01-21 11:17:46.574511,2019-01-21 11:18:15.950,2019-01-21 11:18:06.774158,2019-01-21 11:17:47.560,2019-01-21 11:18:15.949
2019-01-21 11:17:46.583799,2019-01-21 11:18:16.81,2019-01-21 11:18:06.782348,2019-01-21 11:17:47.442,2019-01-21 11:18:16.80
2019-01-21 11:17:46.563397,2019-01-21 11:18:16.386,2019-01-21 11:18:06.731408,2019-01-21 11:17:47.133,2019-01-21 11:18:16.385
2019-01-21 11:17:46.622129,2019-01-21 11:18:16.523,2019-01-21 11:18:07.046202,2019-01-21 11:17:47.331,2019-01-21 11:18:16.522
2019-01-21 11:17:46.583138,2019-01-21 11:18:16.653,2019-01-21 11:18:06.781857,2019-01-21 11:17:46.949,2019-01-21 11:18:16.652
2019-01-21 11:17:46.572274,2019-01-21 11:18:16.790,2019-01-21 11:18:06.771955,2019-01-21 11:17:47.51,2019-01-21 11:18:16.788
2019-01-21 11:17:46.576095,2019-01-21 11:18:16.922,2019-01-21 11:18:06.780688,2019-01-21 11:17:47.438,2019-01-21 11:18:16.921
2019-01-21 11:17:46.572538,2019-01-21 11:18:17.54,2019-01-21 11:18:06.772309,2019-01-21 11:17:47.233,2019-01-21 11:18:17.54
2019-01-21 11:17:46.573646,2019-01-21 11:18:17.187,2019-01-21 11:18:06.773384,2019-01-21 11:17:47.247,2019-01-21 11:18:17.187
2019-01-21 11:17:46.585513,2019-01-21 11:18:17.320,2019-01-21 11:18:06.783563,2019-01-21 11:17:47.332,2019-01-21 11:18:17.318
2019-01-21 11:17:46.693415,2019-01-21 11:18:17.456,2019-01-21 11:18:07.095336,2019-01-21 11:17:47.632,2019-01-21 11:18:17.455
2019-01-21 11:17:46.574792,2019-01-21 11:18:17.614,2019-01-21 11:18:06.774480,2019-01-21 11:17:47.634,2019-01-21 11:18:17.612
2019-01-21 11:18:47.646268,2019-01-21 11:19:07.885,2019-01-21 11:19:07.765213,2019-01-21 11:18:48.150,2019-01-21 11:19:07.883
2019-01-21 11:18:47.649291,2019-01-21 11:19:08.30,2019-01-21 11:19:07.769175,2019-01-21 11:18:48.561,2019-01-21 11:19:08.29
2019-01-21 11:18:47.656907,2019-01-21 11:19:08.168,2019-01-21 11:19:07.786816,2019-01-21 11:18:47.849,2019-01-21 11:19:08.167
2019-01-21 11:18:47.648810,2019-01-21 11:19:08.304,2019-01-21 11:19:07.768605,2019-01-21 11:18:48.49,2019-01-21 11:19:08.303
2019-01-21 11:18:47.649546,2019-01-21 11:19:08.454,2019-01-21 11:19:07.769424,2019-01-21 11:18:48.250,2019-01-21 11:19:08.453
2019-01-21 11:18:47.650283,2019-01-21 11:19:08.894,2019-01-21 11:19:07.784607,2019-01-21 11:18:48.251,2019-01-21 11:19:08.893
2019-01-21 11:18:47.645606,2019-01-21 11:19:09.41,2019-01-21 11:19:07.764218,2019-01-21 11:18:47.951,2019-01-21 11:19:09.41
2019-01-21 11:18:47.702867,2019-01-21 11:19:09.190,2019-01-21 11:19:07.818850,2019-01-21 11:18:48.451,2019-01-21 11:19:09.189
2019-01-21 11:18:47.664666,2019-01-21 11:19:09.319,2019-01-21 11:19:07.805672,2019-01-21 11:18:48.553,2019-01-21 11:19:09.318
2019-01-21 11:18:47.656169,2019-01-21 11:19:09.449,2019-01-21 11:19:07.785996,2019-01-21 11:18:48.458,2019-01-21 11:19:09.448
2019-01-21 11:18:47.734762,2019-01-21 11:19:09.574,2019-01-21 11:19:07.964265,2019-01-21 11:18:48.657,2019-01-21 11:19:09.573
2019-01-21 11:18:47.646997,2019-01-21 11:19:09.709,2019-01-21 11:19:07.766321,2019-01-21 11:18:48.459,2019-01-21 11:19:09.708
2019-01-21 11:18:47.659171,2019-01-21 11:19:09.863,2019-01-21 11:19:07.799470,2019-01-21 11:18:48.649,2019-01-21 11:19:09.862
2019-01-21 11:18:47.664937,2019-01-21 11:19:10.25,2019-01-21 11:19:07.805967,2019-01-21 11:18:48.252,2019-01-21 11:19:10.24
2019-01-21 11:18:47.650042,2019-01-21 11:19:10.180,2019-01-21 11:19:07.783824,2019-01-21 11:18:48.60,2019-01-21 11:19:10.178
2019-01-21 11:18:47.703140,2019-01-21 11:19:10.340,2019-01-21 11:19:07.819331,2019-01-21 11:18:48.176,2019-01-21 11:19:10.339
2019-01-21 11:18:47.646762,2019-01-21 11:19:10.476,2019-01-21 11:19:07.766003,2019-01-21 11:18:48.53,2019-01-21 11:19:10.475
2019-01-21 11:18:47.702551,2019-01-21 11:19:10.600,2019-01-21 11:19:07.818245,2019-01-21 11:18:48.351,2019-01-21 11:19:10.599
2019-01-21 11:18:47.660912,2019-01-21 11:19:10.732,2019-01-21 11:19:07.801639,2019-01-21 11:18:48.256,2019-01-21 11:19:10.731
2019-01-21 11:18:47.648027,2019-01-21 11:19:10.861,2019-01-21 11:19:07.767663,2019-01-21 11:18:48.173,2019-01-21 11:19:10.860
2019-01-21 11:18:47.665756,2019-01-21 11:19:10.993,2019-01-21 11:19:07.806934,2019-01-21 11:18:48.152,2019-01-21 11:19:10.992
2019-01-21 11:18:47.660095,2019-01-21 11:19:11.326,2019-01-21 11:19:07.800584,2019-01-21 11:18:48.55,2019-01-21 11:19:11.325
2019-01-21 11:18:47.656642,2019-01-21 11:19:11.762,2019-01-21 11:19:07.786395,2019-01-21 11:18:47.952,2019-01-21 11:19:11.761
2019-01-21 11:18:47.650526,2019-01-21 11:19:11.889,2019-01-21 11:19:07.785088,2019-01-21 11:18:48.457,2019-01-21 11:19:11.887
2019-01-21 11:18:47.647531,2019-01-21 11:19:12.24,2019-01-21 11:19:07.767038,2019-01-21 11:18:48.149,2019-01-21 11:19:12.23
2019-01-21 11:18:47.657383,2019-01-21 11:19:12.152,2019-01-21 11:19:07.787618,2019-01-21 11:18:48.455,2019-01-21 11:19:12.151
2019-01-21 11:18:47.667855,2019-01-21 11:19:12.276,2019-01-21 11:19:07.810061,2019-01-21 11:18:48.174,2019-01-21 11:19:12.276
2019-01-21 11:18:47.703463,2019-01-21 11:19:12.404,2019-01-21 11:19:07.819706,2019-01-21 11:18:48.54,2019-01-21 11:19:12.403
2019-01-21 11:18:47.657144,2019-01-21 11:19:12.551,2019-01-21 11:19:07.787187,2019-01-21 11:18:47.953,2019-01-21 11:19:12.551
2019-01-21 11:18:47.647248,2019-01-21 11:19:12.689,2019-01-21 11:19:07.766711,2019-01-21 11:18:48.56,2019-01-21 11:19:12.688
2019-01-21 11:18:47.737021,2019-01-21 11:19:12.814,2019-01-21 11:19:07.966961,2019-01-21 11:18:48.349,2019-01-21 11:19:12.813
2019-01-21 11:18:47.665186,2019-01-21 11:19:12.947,2019-01-21 11:19:07.806301,2019-01-21 11:18:48.254,2019-01-21 11:19:12.947
2019-01-21 11:18:47.733518,2019-01-21 11:19:13.76,2019-01-21 11:19:07.963047,2019-01-21 11:18:48.257,2019-01-21 11:19:13.76
2019-01-21 11:18:47.664094,2019-01-21 11:19:13.208,2019-01-21 11:19:07.805287,2019-01-21 11:18:48.654,2019-01-21 11:19:13.207
2019-01-21 11:18:47.649801,2019-01-21 11:19:13.346,2019-01-21 11:19:07.769667,2019-01-21 11:18:48.52,2019-01-21 11:19:13.346
2019-01-21 11:18:47.734053,2019-01-21 11:19:13.477,2019-01-21 11:19:07.963686,2019-01-21 11:18:48.175,2019-01-21 11:19:13.476
2019-01-21 11:18:47.660362,2019-01-21 11:19:13.608,2019-01-21 11:19:07.800999,2019-01-21 11:18:48.359,2019-01-21 11:19:13.607
2019-01-21 11:18:47.701762,2019-01-21 11:19:13.747,2019-01-21 11:19:07.817514,2019-01-21 11:18:48.454,2019-01-21 11:19:13.745
2019-01-21 11:18:47.700381,2019-01-21 11:19:13.885,2019-01-21 11:19:07.816252,2019-01-21 11:18:48.352,2019-01-21 11:19:13.884
2019-01-21 11:18:47.668968,2019-01-21 11:19:14.23,2019-01-21 11:19:07.815990,2019-01-21 11:18:48.462,2019-01-21 11:19:14.22
2019-01-21 11:18:47.659467,2019-01-21 11:19:14.159,2019-01-21 11:19:07.799910,2019-01-21 11:18:48.357,2019-01-21 11:19:14.157
2019-01-21 11:18:47.658113,2019-01-21 11:19:14.298,2019-01-21 11:19:07.797666,2019-01-21 11:18:47.950,2019-01-21 11:19:14.297
2019-01-21 11:18:47.657868,2019-01-21 11:19:14.437,2019-01-21 11:19:07.797184,2019-01-21 11:18:47.948,2019-01-21 11:19:14.436
2019-01-21 11:18:47.649054,2019-01-21 11:19:14.587,2019-01-21 11:19:07.768901,2019-01-21 11:18:48.158,2019-01-21 11:19:14.586
2019-01-21 11:18:47.646046,2019-01-21 11:19:14.742,2019-01-21 11:19:07.764804,2019-01-21 11:18:48.350,2019-01-21 11:19:14.742
2019-01-21 11:18:47.647780,2019-01-21 11:19:14.896,2019-01-21 11:19:07.767372,2019-01-21 11:18:48.157,2019-01-21 11:19:14.895
2019-01-21 11:18:47.700996,2019-01-21 11:19:15.91,2019-01-21 11:19:07.816765,2019-01-21 11:18:48.558,2019-01-21 11:19:15.90
2019-01-21 11:18:47.734483,2019-01-21 11:19:15.615,2019-01-21 11:19:07.963986,2019-01-21 11:18:48.653,2019-01-21 11:19:15.614
2019-01-21 11:18:47.735946,2019-01-21 11:19:15.777,2019-01-21 11:19:07.965758,2019-01-21 11:18:48.552,2019-01-21 11:19:15.777
2019-01-21 11:18:47.660611,2019-01-21 11:19:15.899,2019-01-21 11:19:07.801325,2019-01-21 11:18:48.148,2019-01-21 11:19:15.899
2019-01-21 11:18:47.736474,2019-01-21 11:19:16.25,2019-01-21 11:19:07.966368,2019-01-21 11:18:48.458,2019-01-21 11:19:16.23
2019-01-21 11:18:47.646520,2019-01-21 11:19:16.156,2019-01-21 11:19:07.765604,2019-01-21 11:18:47.848,2019-01-21 11:19:16.155
2019-01-21 11:18:47.745395,2019-01-21 11:19:16.281,2019-01-21 11:19:08.017695,2019-01-21 11:18:48.355,2019-01-21 11:19:16.278
2019-01-21 11:18:47.704669,2019-01-21 11:19:16.408,2019-01-21 11:19:07.900673,2019-01-21 11:18:48.57,2019-01-21 11:19:16.407
2019-01-21 11:18:47.732964,2019-01-21 11:19:16.535,2019-01-21 11:19:07.962381,2019-01-21 11:18:48.450,2019-01-21 11:19:16.534
2019-01-21 11:18:47.648565,2019-01-21 11:19:16.664,2019-01-21 11:19:07.768272,2019-01-21 11:18:48.554,2019-01-21 11:19:16.663
2019-01-21 11:18:47.666037,2019-01-21 11:19:16.803,2019-01-21 11:19:07.807290,2019-01-21 11:18:48.449,2019-01-21 11:19:16.801
2019-01-21 11:18:47.703897,2019-01-21 11:19:16.931,2019-01-21 11:19:07.895941,2019-01-21 11:18:48.59,2019-01-21 11:19:16.930
2019-01-21 11:18:47.701241,2019-01-21 11:19:17.61,2019-01-21 11:19:07.817019,2019-01-21 11:18:48.652,2019-01-21 11:19:17.60
2019-01-21 11:18:47.667326,2019-01-21 11:19:17.185,2019-01-21 11:19:07.809356,2019-01-21 11:18:48.460,2019-01-21 11:19:17.185
2019-01-21 11:18:47.667583,2019-01-21 11:19:17.308,2019-01-21 11:19:07.809696,2019-01-21 11:18:48.453,2019-01-21 11:19:17.307
2019-01-21 11:18:47.657626,2019-01-21 11:19:17.431,2019-01-21 11:19:07.788371,2019-01-21 11:18:48.154,2019-01-21 11:19:17.430
2019-01-21 11:18:47.704962,2019-01-21 11:19:17.563,2019-01-21 11:19:07.914161,2019-01-21 11:18:48.658,2019-01-21 11:19:17.562
2019-01-21 11:18:47.658667,2019-01-21 11:19:17.692,2019-01-21 11:19:07.798631,2019-01-21 11:18:48.557,2019-01-21 11:19:17.691
2019-01-21 11:18:47.735535,2019-01-21 11:19:17.836,2019-01-21 11:19:07.965420,2019-01-21 11:18:48.560,2019-01-21 11:19:17.835
2019-01-21 11:18:47.704426,2019-01-21 11:19:17.960,2019-01-21 11:19:07.897971,2019-01-21 11:18:48.255,2019-01-21 11:19:17.958
2019-01-21 11:18:47.733257,2019-01-21 11:19:18.84,2019-01-21 11:19:07.962753,2019-01-21 11:18:48.452,2019-01-21 11:19:18.83
2019-01-21 11:18:47.648267,2019-01-21 11:19:18.209,2019-01-21 11:19:07.767969,2019-01-21 11:18:48.254,2019-01-21 11:19:18.209
2019-01-21 11:18:47.658920,2019-01-21 11:19:18.340,2019-01-21 11:19:07.799072,2019-01-21 11:18:48.660,2019-01-21 11:19:18.335
2019-01-21 11:18:47.742723,2019-01-21 11:19:18.470,2019-01-21 11:19:08.015245,2019-01-21 11:18:48.549,2019-01-21 11:19:18.469
2019-01-21 11:18:47.744028,2019-01-21 11:19:18.605,2019-01-21 11:19:08.016627,2019-01-21 11:18:48.650,2019-01-21 11:19:18.603
2019-01-21 11:19:48.221656,2019-01-21 11:20:08.585,2019-01-21 11:20:08.400221,2019-01-21 11:19:48.752,2019-01-21 11:20:08.584
2019-01-21 11:19:48.223981,2019-01-21 11:20:08.716,2019-01-21 11:20:08.409154,2019-01-21 11:19:48.851,2019-01-21 11:20:08.715
2019-01-21 11:19:48.197855,2019-01-21 11:20:08.849,2019-01-21 11:20:08.383813,2019-01-21 11:19:48.650,2019-01-21 11:20:08.848
2019-01-21 11:19:48.253859,2019-01-21 11:20:09.289,2019-01-21 11:20:08.411835,2019-01-21 11:19:48.951,2019-01-21 11:20:09.288
2019-01-21 11:19:48.327712,2019-01-21 11:20:09.428,2019-01-21 11:20:08.556597,2019-01-21 11:19:49.159,2019-01-21 11:20:09.427
2019-01-21 11:19:48.199986,2019-01-21 11:20:09.555,2019-01-21 11:20:08.387697,2019-01-21 11:19:48.552,2019-01-21 11:20:09.554
2019-01-21 11:19:48.254913,2019-01-21 11:20:09.688,2019-01-21 11:20:08.418729,2019-01-21 11:19:48.649,2019-01-21 11:20:09.687
2019-01-21 11:19:48.254666,2019-01-21 11:20:09.808,2019-01-21 11:20:08.418173,2019-01-21 11:19:48.751,2019-01-21 11:20:09.808
2019-01-21 11:19:48.320159,2019-01-21 11:20:09.931,2019-01-21 11:20:08.541988,2019-01-21 11:19:48.754,2019-01-21 11:20:09.930
2019-01-21 11:19:48.220562,2019-01-21 11:20:10.50,2019-01-21 11:20:08.398099,2019-01-21 11:19:48.349,2019-01-21 11:20:10.50
2019-01-21 11:19:48.222386,2019-01-21 11:20:10.179,2019-01-21 11:20:08.401761,2019-01-21 11:19:48.746,2019-01-21 11:20:10.179
2019-01-21 11:19:48.199754,2019-01-21 11:20:10.304,2019-01-21 11:20:08.387232,2019-01-21 11:19:48.848,2019-01-21 11:20:10.304
2019-01-21 11:19:48.220922,2019-01-21 11:20:10.429,2019-01-21 11:20:08.398791,2019-01-21 11:19:48.654,2019-01-21 11:20:10.428
2019-01-21 11:19:48.223218,2019-01-21 11:20:10.550,2019-01-21 11:20:08.407464,2019-01-21 11:19:48.853,2019-01-21 11:20:10.549
2019-01-21 11:19:48.302421,2019-01-21 11:20:10.682,2019-01-21 11:20:08.531792,2019-01-21 11:19:48.956,2019-01-21 11:20:10.681
2019-01-21 11:19:48.200721,2019-01-21 11:20:10.818,2019-01-21 11:20:08.389183,2019-01-21 11:19:48.549,2019-01-21 11:20:10.817
2019-01-21 11:19:48.318685,2019-01-21 11:20:10.959,2019-01-21 11:20:08.540166,2019-01-21 11:19:49.47,2019-01-21 11:20:10.958
2019-01-21 11:19:48.202180,2019-01-21 11:20:11.94,2019-01-21 11:20:08.393405,2019-01-21 11:19:48.245,2019-01-21 11:20:11.93
2019-01-21 11:19:48.300766,2019-01-21 11:20:11.227,2019-01-21 11:20:08.529831,2019-01-21 11:19:48.659,2019-01-21 11:20:11.227
2019-01-21 11:19:48.254177,2019-01-21 11:20:11.353,2019-01-21 11:20:08.416983,2019-01-21 11:19:48.852,2019-01-21 11:20:11.353
2019-01-21 11:19:48.222133,2019-01-21 11:20:11.738,2019-01-21 11:20:08.401268,2019-01-21 11:19:48.648,2019-01-21 11:20:11.737
2019-01-21 11:19:48.225211,2019-01-21 11:20:11.869,2019-01-21 11:20:08.411160,2019-01-21 11:19:48.760,2019-01-21 11:20:11.869
2019-01-21 11:19:48.202422,2019-01-21 11:20:11.995,2019-01-21 11:20:08.394016,2019-01-21 11:19:48.550,2019-01-21 11:20:11.994
2019-01-21 11:19:48.201695,2019-01-21 11:20:12.116,2019-01-21 11:20:08.392464,2019-01-21 11:19:48.646,2019-01-21 11:20:12.115
2019-01-21 11:19:48.255162,2019-01-21 11:20:12.240,2019-01-21 11:20:08.419241,2019-01-21 11:19:48.955,2019-01-21 11:20:12.239
2019-01-21 11:19:48.198785,2019-01-21 11:20:12.366,2019-01-21 11:20:08.385370,2019-01-21 11:19:48.348,2019-01-21 11:20:12.365
2019-01-21 11:19:48.202660,2019-01-21 11:20:12.486,2019-01-21 11:20:08.394511,2019-01-21 11:19:48.662,2019-01-21 11:20:12.486
2019-01-21 11:19:48.198533,2019-01-21 11:20:12.613,2019-01-21 11:20:08.384909,2019-01-21 11:19:48.347,2019-01-21 11:20:12.612
2019-01-21 11:19:48.222695,2019-01-21 11:20:12.742,2019-01-21 11:20:08.402284,2019-01-21 11:19:48.954,2019-01-21 11:20:12.741
2019-01-21 11:19:48.223475,2019-01-21 11:20:12.865,2019-01-21 11:20:08.408084,2019-01-21 11:19:48.546,2019-01-21 11:20:12.865
2019-01-21 11:19:48.202907,2019-01-21 11:20:12.989,2019-01-21 11:20:08.395021,2019-01-21 11:19:48.749,2019-01-21 11:20:12.988
2019-01-21 11:19:48.329797,2019-01-21 11:20:13.117,2019-01-21 11:20:08.557961,2019-01-21 11:19:48.947,2019-01-21 11:20:13.116
2019-01-21 11:19:48.224864,2019-01-21 11:20:13.246,2019-01-21 11:20:08.410680,2019-01-21 11:19:48.547,2019-01-21 11:20:13.245
2019-01-21 11:19:48.329309,2019-01-21 11:20:13.375,2019-01-21 11:20:08.557562,2019-01-21 11:19:49.52,2019-01-21 11:20:13.375
2019-01-21 11:19:48.321973,2019-01-21 11:20:13.508,2019-01-21 11:20:08.554528,2019-01-21 11:19:49.54,2019-01-21 11:20:13.507
2019-01-21 11:19:48.224258,2019-01-21 11:20:13.637,2019-01-21 11:20:08.409684,2019-01-21 11:19:48.959,2019-01-21 11:20:13.636
2019-01-21 11:19:48.255904,2019-01-21 11:20:13.770,2019-01-21 11:20:08.420712,2019-01-21 11:19:48.548,2019-01-21 11:20:13.769
2019-01-21 11:19:48.299594,2019-01-21 11:20:13.919,2019-01-21 11:20:08.501805,2019-01-21 11:19:49.50,2019-01-21 11:20:13.918
2019-01-21 11:19:48.203146,2019-01-21 11:20:14.48,2019-01-21 11:20:08.395505,2019-01-21 11:19:48.759,2019-01-21 11:20:14.47
2019-01-21 11:19:48.374619,2019-01-21 11:20:14.179,2019-01-21 11:20:08.586657,2019-01-21 11:19:49.55,2019-01-21 11:20:14.178
2019-01-21 11:19:48.200958,2019-01-21 11:20:14.308,2019-01-21 11:20:08.390793,2019-01-21 11:19:48.850,2019-01-21 11:20:14.307
2019-01-21 11:19:48.257343,2019-01-21 11:20:14.442,2019-01-21 11:20:08.499888,2019-01-21 11:19:49.161,2019-01-21 11:20:14.441
2019-01-21 11:19:48.224519,2019-01-21 11:20:14.578,2019-01-21 11:20:08.410190,2019-01-21 11:19:49.51,2019-01-21 11:20:14.578
2019-01-21 11:19:48.375210,2019-01-21 11:20:14.711,2019-01-21 11:20:08.587347,2019-01-21 11:19:48.952,2019-01-21 11:20:14.711
2019-01-21 11:19:48.221407,2019-01-21 11:20:14.842,2019-01-21 11:20:08.399728,2019-01-21 11:19:48.958,2019-01-21 11:20:14.841
2019-01-21 11:19:48.318004,2019-01-21 11:20:15.03,2019-01-21 11:20:08.539533,2019-01-21 11:19:49.57,2019-01-21 11:20:15.03
2019-01-21 11:19:48.257837,2019-01-21 11:20:15.126,2019-01-21 11:20:08.500701,2019-01-21 11:19:49.47,2019-01-21 11:20:15.125
2019-01-21 11:19:48.255406,2019-01-21 11:20:15.250,2019-01-21 11:20:08.419739,2019-01-21 11:19:48.446,2019-01-21 11:20:15.249
2019-01-21 11:19:48.303210,2019-01-21 11:20:15.378,2019-01-21 11:20:08.532506,2019-01-21 11:19:49.157,2019-01-21 11:20:15.377
2019-01-21 11:19:48.201207,2019-01-21 11:20:15.505,2019-01-21 11:20:08.391507,2019-01-21 11:19:48.762,2019-01-21 11:20:15.504
2019-01-21 11:19:48.257096,2019-01-21 11:20:15.625,2019-01-21 11:20:08.499242,2019-01-21 11:19:48.651,2019-01-21 11:20:15.624
2019-01-21 11:19:48.328349,2019-01-21 11:20:15.747,2019-01-21 11:20:08.557113,2019-01-21 11:19:49.60,2019-01-21 11:20:15.746
2019-01-21 11:19:48.317573,2019-01-21 11:20:15.870,2019-01-21 11:20:08.533832,2019-01-21 11:19:48.847,2019-01-21 11:20:15.869
2019-01-21 11:19:48.200227,2019-01-21 11:20:15.999,2019-01-21 11:20:08.388185,2019-01-21 11:19:48.948,2019-01-21 11:20:15.998
2019-01-21 11:19:48.374924,2019-01-21 11:20:16.122,2019-01-21 11:20:08.587008,2019-01-21 11:19:49.159,2019-01-21 11:20:16.121
2019-01-21 11:19:48.199024,2019-01-21 11:20:16.248,2019-01-21 11:20:08.385836,2019-01-21 11:19:48.647,2019-01-21 11:20:16.248
2019-01-21 11:19:48.330975,2019-01-21 11:20:16.374,2019-01-21 11:20:08.559187,2019-01-21 11:19:49.155,2019-01-21 11:20:16.373
2019-01-21 11:19:48.223720,2019-01-21 11:20:16.496,2019-01-21 11:20:08.408656,2019-01-21 11:19:48.657,2019-01-21 11:20:16.496
2019-01-21 11:19:48.375540,2019-01-21 11:20:16.622,2019-01-21 11:20:08.587656,2019-01-21 11:19:49.163,2019-01-21 11:20:16.620
2019-01-21 11:19:48.320562,2019-01-21 11:20:16.743,2019-01-21 11:20:08.542758,2019-01-21 11:19:49.53,2019-01-21 11:20:16.742
2019-01-21 11:19:48.331492,2019-01-21 11:20:16.868,2019-01-21 11:20:08.585032,2019-01-21 11:19:49.61,2019-01-21 11:20:16.868
2019-01-21 11:19:48.257586,2019-01-21 11:20:16.992,2019-01-21 11:20:08.500332,2019-01-21 11:19:48.761,2019-01-21 11:20:16.991
2019-01-21 11:19:48.376196,2019-01-21 11:20:17.118,2019-01-21 11:20:08.587969,2019-01-21 11:19:48.961,2019-01-21 11:20:17.117
2019-01-21 11:19:48.256226,2019-01-21 11:20:17.241,2019-01-21 11:20:08.497281,2019-01-21 11:19:48.551,2019-01-21 11:20:17.240
2019-01-21 11:19:48.201940,2019-01-21 11:20:17.365,2019-01-21 11:20:08.392949,2019-01-21 11:19:48.658,2019-01-21 11:20:17.364
2019-01-21 11:19:48.200473,2019-01-21 11:20:17.487,2019-01-21 11:20:08.388717,2019-01-21 11:19:48.346,2019-01-21 11:20:17.487
2019-01-21 11:19:48.258096,2019-01-21 11:20:17.613,2019-01-21 11:20:08.501107,2019-01-21 11:19:49.49,2019-01-21 11:20:17.612
2019-01-21 11:19:48.198283,2019-01-21 11:20:17.732,2019-01-21 11:20:08.384491,2019-01-21 11:19:48.748,2019-01-21 11:20:17.732
2019-01-21 11:19:48.320949,2019-01-21 11:20:17.856,2019-01-21 11:20:08.543299,2019-01-21 11:19:48.951,2019-01-21 11:20:17.855
2019-01-21 11:19:48.199502,2019-01-21 11:20:17.976,2019-01-21 11:20:08.386769,2019-01-21 11:19:48.957,2019-01-21 11:20:17.975
2019-01-21 11:19:48.321334,2019-01-21 11:20:18.98,2019-01-21 11:20:08.543647,2019-01-21 11:19:49.48,2019-01-21 11:20:18.98
2019-01-21 11:19:48.201450,2019-01-21 11:20:18.226,2019-01-21 11:20:08.391999,2019-01-21 11:19:48.655,2019-01-21 11:20:18.225
2019-01-21 11:19:48.254425,2019-01-21 11:20:18.343,2019-01-21 11:20:08.417640,2019-01-21 11:19:49.150,2019-01-21 11:20:18.342
2019-01-21 11:19:48.321681,2019-01-21 11:20:18.468,2019-01-21 11:20:08.544000,2019-01-21 11:19:48.755,2019-01-21 11:20:18.467
2019-01-21 11:19:48.301326,2019-01-21 11:20:18.589,2019-01-21 11:20:08.530451,2019-01-21 11:19:49.162,2019-01-21 11:20:18.588
2019-01-21 11:19:48.319852,2019-01-21 11:20:18.716,2019-01-21 11:20:08.541591,2019-01-21 11:19:49.161,2019-01-21 11:20:18.715
2019-01-21 11:19:48.331971,2019-01-21 11:20:18.886,2019-01-21 11:20:08.585562,2019-01-21 11:19:48.950,2019-01-21 11:20:18.885
2019-01-21 11:20:48.718773,2019-01-21 11:21:09.175,2019-01-21 11:21:09.023936,2019-01-21 11:20:49.148,2019-01-21 11:21:09.174
2019-01-21 11:20:48.742454,2019-01-21 11:21:09.323,2019-01-21 11:21:09.054906,2019-01-21 11:20:49.256,2019-01-21 11:21:09.322
2019-01-21 11:20:48.716790,2019-01-21 11:21:09.759,2019-01-21 11:21:09.022089,2019-01-21 11:20:49.147,2019-01-21 11:21:09.758
2019-01-21 11:20:48.807474,2019-01-21 11:21:10.204,2019-01-21 11:21:09.154271,2019-01-21 11:20:49.248,2019-01-21 11:21:10.203
2019-01-21 11:20:48.741441,2019-01-21 11:21:10.327,2019-01-21 11:21:09.053818,2019-01-21 11:20:49.144,2019-01-21 11:21:10.327
2019-01-21 11:20:48.714410,2019-01-21 11:21:10.446,2019-01-21 11:21:09.019746,2019-01-21 11:20:49.45,2019-01-21 11:21:10.445
2019-01-21 11:20:48.770515,2019-01-21 11:21:10.583,2019-01-21 11:21:09.107455,2019-01-21 11:20:49.251,2019-01-21 11:21:10.583
2019-01-21 11:20:48.732777,2019-01-21 11:21:10.712,2019-01-21 11:21:09.045482,2019-01-21 11:20:48.945,2019-01-21 11:21:10.712
2019-01-21 11:20:48.725579,2019-01-21 11:21:10.834,2019-01-21 11:21:09.030337,2019-01-21 11:20:49.453,2019-01-21 11:21:10.833
2019-01-21 11:20:48.721540,2019-01-21 11:21:10.955,2019-01-21 11:21:09.026024,2019-01-21 11:20:49.247,2019-01-21 11:21:10.954
2019-01-21 11:20:48.718215,2019-01-21 11:21:11.81,2019-01-21 11:21:09.023462,2019-01-21 11:20:49.257,2019-01-21 11:21:11.81
2019-01-21 11:20:48.733280,2019-01-21 11:21:11.200,2019-01-21 11:21:09.051384,2019-01-21 11:20:49.454,2019-01-21 11:21:11.199
2019-01-21 11:20:48.771600,2019-01-21 11:21:11.327,2019-01-21 11:21:09.108069,2019-01-21 11:20:49.45,2019-01-21 11:21:11.326
2019-01-21 11:20:48.730213,2019-01-21 11:21:11.457,2019-01-21 11:21:09.042382,2019-01-21 11:20:49.549,2019-01-21 11:21:11.457
2019-01-21 11:20:48.730683,2019-01-21 11:21:11.587,2019-01-21 11:21:09.043067,2019-01-21 11:20:49.546,2019-01-21 11:21:11.587
2019-01-21 11:20:48.716316,2019-01-21 11:21:11.711,2019-01-21 11:21:09.021617,2019-01-21 11:20:48.944,2019-01-21 11:21:11.710
2019-01-21 11:20:48.759646,2019-01-21 11:21:11.844,2019-01-21 11:21:09.107188,2019-01-21 11:20:49.256,2019-01-21 11:21:11.844
2019-01-21 11:20:48.773772,2019-01-21 11:21:12.450,2019-01-21 11:21:09.125288,2019-01-21 11:20:49.450,2019-01-21 11:21:12.450
2019-01-21 11:20:48.756892,2019-01-21 11:21:12.578,2019-01-21 11:21:09.106032,2019-01-21 11:20:49.246,2019-01-21 11:21:12.577
2019-01-21 11:20:48.731172,2019-01-21 11:21:12.699,2019-01-21 11:21:09.043574,2019-01-21 11:20:49.552,2019-01-21 11:21:12.699
2019-01-21 11:20:48.740112,2019-01-21 11:21:12.824,2019-01-21 11:21:09.052518,2019-01-21 11:20:49.602,2019-01-21 11:21:12.824
2019-01-21 11:20:48.733889,2019-01-21 11:21:12.952,2019-01-21 11:21:09.052019,2019-01-21 11:20:49.344,2019-01-21 11:21:12.951
2019-01-21 11:20:48.725085,2019-01-21 11:21:13.74,2019-01-21 11:21:09.029774,2019-01-21 11:20:49.354,2019-01-21 11:21:13.73
2019-01-21 11:20:48.755158,2019-01-21 11:21:13.203,2019-01-21 11:21:09.105066,2019-01-21 11:20:49.247,2019-01-21 11:21:13.202
2019-01-21 11:20:48.755855,2019-01-21 11:21:13.323,2019-01-21 11:21:09.105420,2019-01-21 11:20:49.453,2019-01-21 11:21:13.323
2019-01-21 11:20:48.713267,2019-01-21 11:21:13.446,2019-01-21 11:21:09.018665,2019-01-21 11:20:49.150,2019-01-21 11:21:13.445
2019-01-21 11:20:48.792918,2019-01-21 11:21:13.571,2019-01-21 11:21:09.126224,2019-01-21 11:20:49.351,2019-01-21 11:21:13.571
2019-01-21 11:20:48.774594,2019-01-21 11:21:13.691,2019-01-21 11:21:09.125631,2019-01-21 11:20:49.551,2019-01-21 11:21:13.691
2019-01-21 11:20:48.758883,2019-01-21 11:21:13.814,2019-01-21 11:21:09.106928,2019-01-21 11:20:48.944,2019-01-21 11:21:13.814
2019-01-21 11:20:48.756369,2019-01-21 11:21:13.935,2019-01-21 11:21:09.105755,2019-01-21 11:20:49.445,2019-01-21 11:21:13.934
2019-01-21 11:20:48.722633,2019-01-21 11:21:14.59,2019-01-21 11:21:09.027154,2019-01-21 11:20:49.452,2019-01-21 11:21:14.58
2019-01-21 11:20:48.713981,2019-01-21 11:21:14.179,2019-01-21 11:21:09.019337,2019-01-21 11:20:49.560,2019-01-21 11:21:14.178
2019-01-21 11:20:48.796310,2019-01-21 11:21:14.307,2019-01-21 11:21:09.128176,2019-01-21 11:20:49.346,2019-01-21 11:21:14.307
2019-01-21 11:20:48.792304,2019-01-21 11:21:14.431,2019-01-21 11:21:09.125932,2019-01-21 11:20:49.153,2019-01-21 11:21:14.430
2019-01-21 11:20:48.744343,2019-01-21 11:21:14.554,2019-01-21 11:21:09.104737,2019-01-21 11:20:49.352,2019-01-21 11:21:14.553
2019-01-21 11:20:48.715369,2019-01-21 11:21:14.702,2019-01-21 11:21:09.020688,2019-01-21 11:20:49.44,2019-01-21 11:21:14.701
2019-01-21 11:20:48.742982,2019-01-21 11:21:14.834,2019-01-21 11:21:09.055521,2019-01-21 11:20:49.546,2019-01-21 11:21:14.834
2019-01-21 11:20:48.961126,2019-01-21 11:21:14.966,2019-01-21 11:21:09.325172,2019-01-21 11:20:49.604,2019-01-21 11:21:14.965
2019-01-21 11:20:48.958788,2019-01-21 11:21:15.93,2019-01-21 11:21:09.297849,2019-01-21 11:20:49.609,2019-01-21 11:21:15.93
2019-01-21 11:20:48.794089,2019-01-21 11:21:15.220,2019-01-21 11:21:09.126816,2019-01-21 11:20:49.152,2019-01-21 11:21:15.219
2019-01-21 11:20:48.902418,2019-01-21 11:21:15.349,2019-01-21 11:21:09.296322,2019-01-21 11:20:49.607,2019-01-21 11:21:15.348
2019-01-21 11:20:48.717750,2019-01-21 11:21:15.467,2019-01-21 11:21:09.023006,2019-01-21 11:20:49.244,2019-01-21 11:21:15.467
2019-01-21 11:20:48.715839,2019-01-21 11:21:15.592,2019-01-21 11:21:09.021160,2019-01-21 11:20:49.447,2019-01-21 11:21:15.591
2019-01-21 11:20:48.804790,2019-01-21 11:21:15.718,2019-01-21 11:21:09.153354,2019-01-21 11:20:49.553,2019-01-21 11:21:15.717
2019-01-21 11:20:48.852822,2019-01-21 11:21:15.844,2019-01-21 11:21:09.156645,2019-01-21 11:20:49.604,2019-01-21 11:21:15.843
2019-01-21 11:20:48.722155,2019-01-21 11:21:15.972,2019-01-21 11:21:09.026661,2019-01-21 11:20:49.450,2019-01-21 11:21:15.972
2019-01-21 11:20:48.771111,2019-01-21 11:21:16.100,2019-01-21 11:21:09.107711,2019-01-21 11:20:49.255,2019-01-21 11:21:16.99
2019-01-21 11:20:48.728945,2019-01-21 11:21:16.233,2019-01-21 11:21:09.030887,2019-01-21 11:20:49.253,2019-01-21 11:21:16.233
2019-01-21 11:20:48.714879,2019-01-21 11:21:16.385,2019-01-21 11:21:09.020203,2019-01-21 11:20:49.452,2019-01-21 11:21:16.384
2019-01-21 11:20:48.903613,2019-01-21 11:21:16.509,2019-01-21 11:21:09.297099,2019-01-21 11:20:49.447,2019-01-21 11:21:16.509
2019-01-21 11:20:48.772134,2019-01-21 11:21:16.633,2019-01-21 11:21:09.108336,2019-01-21 11:20:49.646,2019-01-21 11:21:16.632
2019-01-21 11:20:48.850736,2019-01-21 11:21:16.756,2019-01-21 11:21:09.155560,2019-01-21 11:20:49.353,2019-01-21 11:21:16.756
2019-01-21 11:20:48.960036,2019-01-21 11:21:16.878,2019-01-21 11:21:09.298782,2019-01-21 11:20:49.645,2019-01-21 11:21:16.877
2019-01-21 11:20:48.959669,2019-01-21 11:21:17.02,2019-01-21 11:21:09.298343,2019-01-21 11:20:49.545,2019-01-21 11:21:17.01
2019-01-21 11:20:48.850330,2019-01-21 11:21:17.130,2019-01-21 11:21:09.155303,2019-01-21 11:20:49.603,2019-01-21 11:21:17.129
2019-01-21 11:20:48.773275,2019-01-21 11:21:17.260,2019-01-21 11:21:09.124840,2019-01-21 11:20:49.348,2019-01-21 11:21:17.258
2019-01-21 11:20:48.743495,2019-01-21 11:21:17.391,2019-01-21 11:21:09.104275,2019-01-21 11:20:49.255,2019-01-21 11:21:17.389
2019-01-21 11:20:48.723104,2019-01-21 11:21:17.524,2019-01-21 11:21:09.027630,2019-01-21 11:20:49.45,2019-01-21 11:21:17.523
2019-01-21 11:20:48.795826,2019-01-21 11:21:17.656,2019-01-21 11:21:09.127880,2019-01-21 11:20:49.550,2019-01-21 11:21:17.655
2019-01-21 11:20:48.793516,2019-01-21 11:21:17.785,2019-01-21 11:21:09.126513,2019-01-21 11:20:49.645,2019-01-21 11:21:17.784
2019-01-21 11:20:48.849448,2019-01-21 11:21:17.915,2019-01-21 11:21:09.154792,2019-01-21 11:20:49.346,2019-01-21 11:21:17.914
2019-01-21 11:20:48.732241,2019-01-21 11:21:18.41,2019-01-21 11:21:09.044735,2019-01-21 11:20:49.252,2019-01-21 11:21:18.41
2019-01-21 11:20:48.960812,2019-01-21 11:21:18.166,2019-01-21 11:21:09.324575,2019-01-21 11:20:49.446,2019-01-21 11:21:18.166
2019-01-21 11:20:48.724098,2019-01-21 11:21:18.289,2019-01-21 11:21:09.028675,2019-01-21 11:20:49.146,2019-01-21 11:21:18.288
2019-01-21 11:20:48.741964,2019-01-21 11:21:18.415,2019-01-21 11:21:09.054409,2019-01-21 11:20:49.245,2019-01-21 11:21:18.415
2019-01-21 11:20:48.958401,2019-01-21 11:21:18.540,2019-01-21 11:21:09.297599,2019-01-21 11:20:49.745,2019-01-21 11:21:18.539
2019-01-21 11:20:48.958018,2019-01-21 11:21:18.668,2019-01-21 11:21:09.297347,2019-01-21 11:20:49.609,2019-01-21 11:21:18.667
2019-01-21 11:20:48.806136,2019-01-21 11:21:18.793,2019-01-21 11:21:09.154004,2019-01-21 11:20:49.454,2019-01-21 11:21:18.792
2019-01-21 11:20:48.794687,2019-01-21 11:21:18.912,2019-01-21 11:21:09.127106,2019-01-21 11:20:49.559,2019-01-21 11:21:18.912
2019-01-21 11:20:48.805468,2019-01-21 11:21:19.37,2019-01-21 11:21:09.153636,2019-01-21 11:20:49.352,2019-01-21 11:21:19.36
2019-01-21 11:20:48.851117,2019-01-21 11:21:19.156,2019-01-21 11:21:09.155814,2019-01-21 11:20:49.645,2019-01-21 11:21:19.156
2019-01-21 11:20:48.740888,2019-01-21 11:21:19.284,2019-01-21 11:21:09.053023,2019-01-21 11:20:49.353,2019-01-21 11:21:19.283
2019-01-21 11:20:48.757610,2019-01-21 11:21:19.408,2019-01-21 11:21:09.106305,2019-01-21 11:20:49.455,2019-01-21 11:21:19.407
2019-01-21 11:20:48.959189,2019-01-21 11:21:19.561,2019-01-21 11:21:09.298096,2019-01-21 11:20:49.605,2019-01-21 11:21:19.560
2019-01-21 11:20:48.962675,2019-01-21 11:21:19.710,2019-01-21 11:21:09.326099,2019-01-21 11:20:49.745,2019-01-21 11:21:19.710
2019-01-21 11:21:49.777383,2019-01-21 11:22:10.159,2019-01-21 11:22:10.015897,2019-01-21 11:21:50.232,2019-01-21 11:22:10.158
2019-01-21 11:21:49.776347,2019-01-21 11:22:10.292,2019-01-21 11:22:10.009638,2019-01-21 11:21:50.331,2019-01-21 11:22:10.287
2019-01-21 11:21:49.777866,2019-01-21 11:22:10.424,2019-01-21 11:22:10.017083,2019-01-21 11:21:49.927,2019-01-21 11:22:10.423
2019-01-21 11:21:49.775825,2019-01-21 11:22:10.557,2019-01-21 11:22:10.008398,2019-01-21 11:21:50.428,2019-01-21 11:22:10.556
2019-01-21 11:21:49.795606,2019-01-21 11:22:10.689,2019-01-21 11:22:10.120160,2019-01-21 11:21:50.735,2019-01-21 11:22:10.688
2019-01-21 11:21:49.778112,2019-01-21 11:22:10.829,2019-01-21 11:22:10.017643,2019-01-21 11:21:49.927,2019-01-21 11:22:10.828
2019-01-21 11:21:49.775347,2019-01-21 11:22:10.966,2019-01-21 11:22:10.007283,2019-01-21 11:21:50.228,2019-01-21 11:22:10.966
2019-01-21 11:21:49.782767,2019-01-21 11:22:11.94,2019-01-21 11:22:10.045446,2019-01-21 11:21:50.530,2019-01-21 11:22:11.94
2019-01-21 11:21:49.783256,2019-01-21 11:22:11.215,2019-01-21 11:22:10.048077,2019-01-21 11:21:50.429,2019-01-21 11:22:11.214
2019-01-21 11:21:49.781003,2019-01-21 11:22:11.341,2019-01-21 11:22:10.027082,2019-01-21 11:21:50.235,2019-01-21 11:22:11.341
2019-01-21 11:21:49.778654,2019-01-21 11:22:11.463,2019-01-21 11:22:10.025687,2019-01-21 11:21:50.47,2019-01-21 11:22:11.463
2019-01-21 11:21:49.774859,2019-01-21 11:22:11.591,2019-01-21 11:22:10.006257,2019-01-21 11:21:50.127,2019-01-21 11:22:11.590
2019-01-21 11:21:49.773712,2019-01-21 11:22:11.731,2019-01-21 11:22:10.004231,2019-01-21 11:21:49.926,2019-01-21 11:22:11.731
2019-01-21 11:21:49.774152,2019-01-21 11:22:11.876,2019-01-21 11:22:10.004907,2019-01-21 11:21:50.135,2019-01-21 11:22:11.876
2019-01-21 11:21:49.921958,2019-01-21 11:22:13.229,2019-01-21 11:22:10.123090,2019-01-21 11:21:50.735,2019-01-21 11:22:13.228
2019-01-21 11:21:49.785398,2019-01-21 11:22:13.365,2019-01-21 11:22:10.082854,2019-01-21 11:21:49.926,2019-01-21 11:22:13.364
2019-01-21 11:21:49.781493,2019-01-21 11:22:13.491,2019-01-21 11:22:10.027659,2019-01-21 11:21:50.232,2019-01-21 11:22:13.491
2019-01-21 11:21:49.776077,2019-01-21 11:22:13.615,2019-01-21 11:22:10.009092,2019-01-21 11:21:50.444,2019-01-21 11:22:13.614
2019-01-21 11:21:49.782284,2019-01-21 11:22:13.737,2019-01-21 11:22:10.029430,2019-01-21 11:21:50.134,2019-01-21 11:22:13.736
2019-01-21 11:21:49.793616,2019-01-21 11:22:13.863,2019-01-21 11:22:10.103512,2019-01-21 11:21:50.231,2019-01-21 11:22:13.863
2019-01-21 11:21:49.923539,2019-01-21 11:22:13.997,2019-01-21 11:22:10.124563,2019-01-21 11:21:50.428,2019-01-21 11:22:13.997
2019-01-21 11:21:49.783893,2019-01-21 11:22:14.121,2019-01-21 11:22:10.061039,2019-01-21 11:21:50.230,2019-01-21 11:22:14.120
2019-01-21 11:21:49.783504,2019-01-21 11:22:14.499,2019-01-21 11:22:10.048915,2019-01-21 11:21:50.27,2019-01-21 11:22:14.499
2019-01-21 11:21:49.923229,2019-01-21 11:22:14.827,2019-01-21 11:22:10.124079,2019-01-21 11:21:50.629,2019-01-21 11:22:14.826
2019-01-21 11:21:49.793070,2019-01-21 11:22:14.965,2019-01-21 11:22:10.086644,2019-01-21 11:21:50.231,2019-01-21 11:22:14.965
2019-01-21 11:21:49.792756,2019-01-21 11:22:15.99,2019-01-21 11:22:10.085879,2019-01-21 11:21:50.133,2019-01-21 11:22:15.98
2019-01-21 11:21:49.784889,2019-01-21 11:22:15.226,2019-01-21 11:22:10.064516,2019-01-21 11:21:49.925,2019-01-21 11:22:15.225
2019-01-21 11:21:49.778906,2019-01-21 11:22:15.352,2019-01-21 11:22:10.026422,2019-01-21 11:21:50.230,2019-01-21 11:22:15.351
2019-01-21 11:21:49.794614,2019-01-21 11:22:15.484,2019-01-21 11:22:10.105947,2019-01-21 11:21:50.235,2019-01-21 11:22:15.484
2019-01-21 11:21:49.794113,2019-01-21 11:22:15.612,2019-01-21 11:22:10.104717,2019-01-21 11:21:49.926,2019-01-21 11:22:15.612
2019-01-21 11:21:49.775098,2019-01-21 11:22:15.738,2019-01-21 11:22:10.006744,2019-01-21 11:21:50.227,2019-01-21 11:22:15.737
2019-01-21 11:21:49.934191,2019-01-21 11:22:15.866,2019-01-21 11:22:10.167324,2019-01-21 11:21:50.736,2019-01-21 11:22:15.865
2019-01-21 11:21:49.924272,2019-01-21 11:22:15.994,2019-01-21 11:22:10.164305,2019-01-21 11:21:50.332,2019-01-21 11:22:15.993
2019-01-21 11:21:49.776872,2019-01-21 11:22:16.133,2019-01-21 11:22:10.014569,2019-01-21 11:21:50.129,2019-01-21 11:22:16.132
2019-01-21 11:21:49.922898,2019-01-21 11:22:16.279,2019-01-21 11:22:10.123733,2019-01-21 11:21:50.628,2019-01-21 11:22:16.278
2019-01-21 11:21:49.782526,2019-01-21 11:22:16.425,2019-01-21 11:22:10.044355,2019-01-21 11:21:50.630,2019-01-21 11:22:16.424
2019-01-21 11:21:49.784639,2019-01-21 11:22:16.861,2019-01-21 11:22:10.063849,2019-01-21 11:21:49.927,2019-01-21 11:22:16.860
2019-01-21 11:21:49.785146,2019-01-21 11:22:16.988,2019-01-21 11:22:10.065237,2019-01-21 11:21:50.234,2019-01-21 11:22:16.987
2019-01-21 11:21:49.796495,2019-01-21 11:22:17.111,2019-01-21 11:22:10.121783,2019-01-21 11:21:50.329,2019-01-21 11:22:17.111
2019-01-21 11:21:49.775588,2019-01-21 11:22:17.231,2019-01-21 11:22:10.007856,2019-01-21 11:21:50.333,2019-01-21 11:22:17.230
2019-01-21 11:21:49.781791,2019-01-21 11:22:17.354,2019-01-21 11:22:10.028184,2019-01-21 11:21:50.328,2019-01-21 11:22:17.354
2019-01-21 11:21:49.796754,2019-01-21 11:22:17.480,2019-01-21 11:22:10.122240,2019-01-21 11:21:50.430,2019-01-21 11:22:17.479
2019-01-21 11:21:49.785727,2019-01-21 11:22:17.600,2019-01-21 11:22:10.083676,2019-01-21 11:21:50.630,2019-01-21 11:22:17.599
2019-01-21 11:21:49.793324,2019-01-21 11:22:17.729,2019-01-21 11:22:10.103011,2019-01-21 11:21:50.728,2019-01-21 11:22:17.728
2019-01-21 11:21:49.786044,2019-01-21 11:22:17.851,2019-01-21 11:22:10.084986,2019-01-21 11:21:50.28,2019-01-21 11:22:17.850
2019-01-21 11:21:49.793870,2019-01-21 11:22:17.975,2019-01-21 11:22:10.104015,2019-01-21 11:21:50.27,2019-01-21 11:22:17.974
2019-01-21 11:21:49.952668,2019-01-21 11:22:18.104,2019-01-21 11:22:10.363545,2019-01-21 11:21:50.633,2019-01-21 11:22:18.104
2019-01-21 11:21:49.936641,2019-01-21 11:22:18.228,2019-01-21 11:22:10.271181,2019-01-21 11:21:50.732,2019-01-21 11:22:18.227
2019-01-21 11:21:49.934924,2019-01-21 11:22:18.351,2019-01-21 11:22:10.269883,2019-01-21 11:21:50.733,2019-01-21 11:22:18.350
2019-01-21 11:21:49.774619,2019-01-21 11:22:18.478,2019-01-21 11:22:10.005772,2019-01-21 11:21:50.631,2019-01-21 11:22:18.477
2019-01-21 11:21:49.950842,2019-01-21 11:22:18.602,2019-01-21 11:22:10.274090,2019-01-21 11:21:50.328,2019-01-21 11:22:18.601
2019-01-21 11:21:49.935925,2019-01-21 11:22:18.733,2019-01-21 11:22:10.270648,2019-01-21 11:21:50.229,2019-01-21 11:22:18.732
2019-01-21 11:21:49.794367,2019-01-21 11:22:18.851,2019-01-21 11:22:10.105415,2019-01-21 11:21:50.632,2019-01-21 11:22:18.851
2019-01-21 11:21:49.949667,2019-01-21 11:22:18.975,2019-01-21 11:22:10.272926,2019-01-21 11:21:50.536,2019-01-21 11:22:18.975
2019-01-21 11:21:49.774371,2019-01-21 11:22:19.567,2019-01-21 11:22:10.005317,2019-01-21 11:21:50.530,2019-01-21 11:22:19.566
2019-01-21 11:21:49.938101,2019-01-21 11:22:19.693,2019-01-21 11:22:10.272350,2019-01-21 11:21:50.529,2019-01-21 11:22:19.692
2019-01-21 11:21:49.794963,2019-01-21 11:22:19.839,2019-01-21 11:22:10.106504,2019-01-21 11:21:50.128,2019-01-21 11:22:19.839
2019-01-21 11:21:49.784136,2019-01-21 11:22:19.972,2019-01-21 11:22:10.062275,2019-01-21 11:21:50.334,2019-01-21 11:22:19.972
2019-01-21 11:21:49.782047,2019-01-21 11:22:20.99,2019-01-21 11:22:10.028787,2019-01-21 11:21:50.735,2019-01-21 11:22:20.99
2019-01-21 11:21:49.922491,2019-01-21 11:22:20.221,2019-01-21 11:22:10.123422,2019-01-21 11:21:50.442,2019-01-21 11:22:20.221
2019-01-21 11:21:49.993260,2019-01-21 11:22:20.345,2019-01-21 11:22:10.365749,2019-01-21 11:21:50.528,2019-01-21 11:22:20.345
2019-01-21 11:21:49.937815,2019-01-21 11:22:20.469,2019-01-21 11:22:10.272028,2019-01-21 11:21:50.531,2019-01-21 11:22:20.468
2019-01-21 11:21:49.937149,2019-01-21 11:22:20.599,2019-01-21 11:22:10.271438,2019-01-21 11:21:50.736,2019-01-21 11:22:20.598
2019-01-21 11:21:49.951788,2019-01-21 11:22:20.723,2019-01-21 11:22:10.274435,2019-01-21 11:21:50.731,2019-01-21 11:22:20.723
2019-01-21 11:22:50.981269,2019-01-21 11:23:11.246,2019-01-21 11:23:11.128856,2019-01-21 11:22:51.521,2019-01-21 11:23:11.244
2019-01-21 11:22:50.982244,2019-01-21 11:23:11.379,2019-01-21 11:23:11.129851,2019-01-21 11:22:51.724,2019-01-21 11:23:11.378
2019-01-21 11:22:50.987233,2019-01-21 11:23:11.508,2019-01-21 11:23:11.134466,2019-01-21 11:22:51.521,2019-01-21 11:23:11.507
2019-01-21 11:22:50.983972,2019-01-21 11:23:11.636,2019-01-21 11:23:11.132992,2019-01-21 11:22:51.921,2019-01-21 11:23:11.635
2019-01-21 11:22:50.980298,2019-01-21 11:23:11.762,2019-01-21 11:23:11.127819,2019-01-21 11:22:51.522,2019-01-21 11:23:11.762
2019-01-21 11:22:50.980535,2019-01-21 11:23:11.888,2019-01-21 11:23:11.128070,2019-01-21 11:22:51.824,2019-01-21 11:23:11.887
2019-01-21 11:22:50.986396,2019-01-21 11:23:12.11,2019-01-21 11:23:11.133735,2019-01-21 11:22:51.719,2019-01-21 11:23:12.11
2019-01-21 11:22:50.979501,2019-01-21 11:23:12.180,2019-01-21 11:23:11.127088,2019-01-21 11:22:51.420,2019-01-21 11:23:12.179
2019-01-21 11:22:51.015390,2019-01-21 11:23:12.304,2019-01-21 11:23:11.137859,2019-01-21 11:22:52.22,2019-01-21 11:23:12.304
2019-01-21 11:22:50.989017,2019-01-21 11:23:12.428,2019-01-21 11:23:11.136260,2019-01-21 11:22:51.320,2019-01-21 11:23:12.428
2019-01-21 11:22:50.987728,2019-01-21 11:23:12.547,2019-01-21 11:23:11.134993,2019-01-21 11:22:51.621,2019-01-21 11:23:12.547
2019-01-21 11:22:50.982489,2019-01-21 11:23:12.669,2019-01-21 11:23:11.130096,2019-01-21 11:22:51.920,2019-01-21 11:23:12.669
2019-01-21 11:22:50.980780,2019-01-21 11:23:12.795,2019-01-21 11:23:11.128316,2019-01-21 11:22:51.619,2019-01-21 11:23:12.794
2019-01-21 11:22:51.017629,2019-01-21 11:23:12.917,2019-01-21 11:23:11.174753,2019-01-21 11:22:51.826,2019-01-21 11:23:12.917
2019-01-21 11:22:50.982973,2019-01-21 11:23:13.45,2019-01-21 11:23:11.130609,2019-01-21 11:22:51.820,2019-01-21 11:23:13.44
2019-01-21 11:22:50.979736,2019-01-21 11:23:13.175,2019-01-21 11:23:11.127329,2019-01-21 11:22:51.419,2019-01-21 11:23:13.174
2019-01-21 11:22:51.024951,2019-01-21 11:23:13.299,2019-01-21 11:23:11.177464,2019-01-21 11:22:51.921,2019-01-21 11:23:13.298
2019-01-21 11:22:51.016303,2019-01-21 11:23:13.429,2019-01-21 11:23:11.173463,2019-01-21 11:22:51.519,2019-01-21 11:23:13.428
2019-01-21 11:22:50.981762,2019-01-21 11:23:13.556,2019-01-21 11:23:11.129356,2019-01-21 11:22:51.521,2019-01-21 11:23:13.555
2019-01-21 11:22:51.018903,2019-01-21 11:23:13.680,2019-01-21 11:23:11.175875,2019-01-21 11:22:51.726,2019-01-21 11:23:13.679
2019-01-21 11:22:51.029775,2019-01-21 11:23:13.821,2019-01-21 11:23:11.205690,2019-01-21 11:22:51.819,2019-01-21 11:23:13.820
2019-01-21 11:22:50.981998,2019-01-21 11:23:13.943,2019-01-21 11:23:11.129607,2019-01-21 11:22:51.519,2019-01-21 11:23:13.942
2019-01-21 11:22:50.978606,2019-01-21 11:23:14.70,2019-01-21 11:23:11.126179,2019-01-21 11:22:51.824,2019-01-21 11:23:14.70
2019-01-21 11:22:51.034746,2019-01-21 11:23:14.207,2019-01-21 11:23:11.206119,2019-01-21 11:22:52.121,2019-01-21 11:23:14.206
2019-01-21 11:22:50.979249,2019-01-21 11:23:14.332,2019-01-21 11:23:11.126827,2019-01-21 11:22:51.421,2019-01-21 11:23:14.331
2019-01-21 11:22:50.982733,2019-01-21 11:23:14.472,2019-01-21 11:23:11.130353,2019-01-21 11:22:51.218,2019-01-21 11:23:14.471
2019-01-21 11:22:50.979029,2019-01-21 11:23:14.916,2019-01-21 11:23:11.126610,2019-01-21 11:22:51.419,2019-01-21 11:23:14.916
2019-01-21 11:22:51.036380,2019-01-21 11:23:15.57,2019-01-21 11:23:11.227556,2019-01-21 11:22:52.122,2019-01-21 11:23:15.56
2019-01-21 11:22:50.990152,2019-01-21 11:23:15.508,2019-01-21 11:23:11.137331,2019-01-21 11:22:52.21,2019-01-21 11:23:15.507
2019-01-21 11:22:51.038043,2019-01-21 11:23:15.977,2019-01-21 11:23:11.261590,2019-01-21 11:22:52.20,2019-01-21 11:23:15.976
2019-01-21 11:22:50.985891,2019-01-21 11:23:16.120,2019-01-21 11:23:11.133459,2019-01-21 11:22:51.520,2019-01-21 11:23:16.120
2019-01-21 11:22:50.989813,2019-01-21 11:23:16.245,2019-01-21 11:23:11.137048,2019-01-21 11:22:51.520,2019-01-21 11:23:16.244
2019-01-21 11:22:51.028688,2019-01-21 11:23:16.369,2019-01-21 11:23:11.204614,2019-01-21 11:22:52.22,2019-01-21 11:23:16.369
2019-01-21 11:22:51.035606,2019-01-21 11:23:16.493,2019-01-21 11:23:11.224314,2019-01-21 11:22:52.123,2019-01-21 11:23:16.493
2019-01-21 11:22:51.025777,2019-01-21 11:23:16.622,2019-01-21 11:23:11.201933,2019-01-21 11:22:52.26,2019-01-21 11:23:16.621
2019-01-21 11:22:51.029528,2019-01-21 11:23:16.746,2019-01-21 11:23:11.205365,2019-01-21 11:22:51.520,2019-01-21 11:23:16.745
2019-01-21 11:22:51.035256,2019-01-21 11:23:16.873,2019-01-21 11:23:11.223704,2019-01-21 11:22:52.26,2019-01-21 11:23:16.872
2019-01-21 11:22:51.029213,2019-01-21 11:23:17.430,2019-01-21 11:23:11.205120,2019-01-21 11:22:51.722,2019-01-21 11:23:17.429
2019-01-21 11:22:51.016891,2019-01-21 11:23:17.871,2019-01-21 11:23:11.173983,2019-01-21 11:22:52.22,2019-01-21 11:23:17.870
2019-01-21 11:22:51.019730,2019-01-21 11:23:18.00,2019-01-21 11:23:11.176854,2019-01-21 11:22:52.120,2019-01-21 11:23:18.00
2019-01-21 11:22:50.987481,2019-01-21 11:23:18.120,2019-01-21 11:23:11.134736,2019-01-21 11:22:51.723,2019-01-21 11:23:18.120
2019-01-21 11:22:50.987964,2019-01-21 11:23:18.244,2019-01-21 11:23:11.135244,2019-01-21 11:22:51.926,2019-01-21 11:23:18.244
2019-01-21 11:22:50.989549,2019-01-21 11:23:18.373,2019-01-21 11:23:11.136792,2019-01-21 11:22:51.926,2019-01-21 11:23:18.373
2019-01-21 11:22:50.988208,2019-01-21 11:23:18.508,2019-01-21 11:23:11.135493,2019-01-21 11:22:51.622,2019-01-21 11:23:18.507
2019-01-21 11:22:50.981029,2019-01-21 11:23:18.632,2019-01-21 11:23:11.128608,2019-01-21 11:22:51.620,2019-01-21 11:23:18.631
2019-01-21 11:22:50.980049,2019-01-21 11:23:18.758,2019-01-21 11:23:11.127575,2019-01-21 11:22:51.622,2019-01-21 11:23:18.758
2019-01-21 11:22:51.017872,2019-01-21 11:23:18.885,2019-01-21 11:23:11.175001,2019-01-21 11:22:51.821,2019-01-21 11:23:18.885
2019-01-21 11:22:51.015769,2019-01-21 11:23:19.08,2019-01-21 11:23:11.172654,2019-01-21 11:22:51.722,2019-01-21 11:23:19.08
2019-01-21 11:22:51.026654,2019-01-21 11:23:19.129,2019-01-21 11:23:11.202778,2019-01-21 11:22:52.27,2019-01-21 11:23:19.129
2019-01-21 11:22:50.983225,2019-01-21 11:23:19.255,2019-01-21 11:23:11.130851,2019-01-21 11:22:51.827,2019-01-21 11:23:19.255
2019-01-21 11:22:50.981511,2019-01-21 11:23:19.409,2019-01-21 11:23:11.129101,2019-01-21 11:22:51.319,2019-01-21 11:23:19.408
2019-01-21 11:22:51.017130,2019-01-21 11:23:19.537,2019-01-21 11:23:11.174247,2019-01-21 11:22:51.721,2019-01-21 11:23:19.536
2019-01-21 11:22:50.990419,2019-01-21 11:23:19.656,2019-01-21 11:23:11.137592,2019-01-21 11:22:51.923,2019-01-21 11:23:19.656
2019-01-21 11:22:50.986662,2019-01-21 11:23:19.782,2019-01-21 11:23:11.133976,2019-01-21 11:22:51.823,2019-01-21 11:23:19.782
2019-01-21 11:22:51.016039,2019-01-21 11:23:19.909,2019-01-21 11:23:11.173151,2019-01-21 11:22:51.621,2019-01-21 11:23:19.909
2019-01-21 11:22:50.988767,2019-01-21 11:23:20.38,2019-01-21 11:23:11.136004,2019-01-21 11:22:51.725,2019-01-21 11:23:20.38
2019-01-21 11:22:51.018142,2019-01-21 11:23:20.163,2019-01-21 11:23:11.175250,2019-01-21 11:22:52.123,2019-01-21 11:23:20.163
2019-01-21 11:22:51.016635,2019-01-21 11:23:20.286,2019-01-21 11:23:11.173712,2019-01-21 11:22:51.821,2019-01-21 11:23:20.284
2019-01-21 11:22:51.017373,2019-01-21 11:23:20.409,2019-01-21 11:23:11.174501,2019-01-21 11:22:52.21,2019-01-21 11:23:20.409
2019-01-21 11:22:51.018404,2019-01-21 11:23:20.533,2019-01-21 11:23:11.175603,2019-01-21 11:22:52.121,2019-01-21 11:23:20.533
2019-01-21 11:22:51.039921,2019-01-21 11:23:20.662,2019-01-21 11:23:11.405445,2019-01-21 11:22:51.519,2019-01-21 11:23:20.662
2019-01-21 11:22:51.055081,2019-01-21 11:23:20.787,2019-01-21 11:23:11.407825,2019-01-21 11:22:51.920,2019-01-21 11:23:20.784
2019-01-21 11:22:50.988452,2019-01-21 11:23:20.914,2019-01-21 11:23:11.135744,2019-01-21 11:22:51.620,2019-01-21 11:23:20.914
2019-01-21 11:22:51.019171,2019-01-21 11:23:21.37,2019-01-21 11:23:11.176208,2019-01-21 11:22:51.823,2019-01-21 11:23:21.36
2019-01-21 11:22:51.037247,2019-01-21 11:23:21.215,2019-01-21 11:23:11.259637,2019-01-21 11:22:52.120,2019-01-21 11:23:21.214
2019-01-21 11:22:51.028967,2019-01-21 11:23:21.339,2019-01-21 11:23:11.204863,2019-01-21 11:22:52.23,2019-01-21 11:23:21.339
2019-01-21 11:22:51.025478,2019-01-21 11:23:21.464,2019-01-21 11:23:11.201363,2019-01-21 11:22:52.121,2019-01-21 11:23:21.464
2019-01-21 11:22:50.986911,2019-01-21 11:23:21.587,2019-01-21 11:23:11.134215,2019-01-21 11:22:51.822,2019-01-21 11:23:21.586
2019-01-21 11:22:51.027940,2019-01-21 11:23:21.708,2019-01-21 11:23:11.204090,2019-01-21 11:22:52.25,2019-01-21 11:23:21.708
2019-01-21 11:22:51.037520,2019-01-21 11:23:21.834,2019-01-21 11:23:11.260385,2019-01-21 11:22:52.25,2019-01-21 11:23:21.834
2019-01-21 11:22:51.027413,2019-01-21 11:23:21.960,2019-01-21 11:23:11.203583,2019-01-21 11:22:52.27,2019-01-21 11:23:21.959
2019-01-21 11:22:51.039278,2019-01-21 11:23:22.82,2019-01-21 11:23:11.404913,2019-01-21 11:22:52.121,2019-01-21 11:23:22.81
2019-01-21 11:23:51.741588,2019-01-21 11:24:12.129,2019-01-21 11:24:12.054725,2019-01-21 11:23:52.01,2019-01-21 11:24:12.129
2019-01-21 11:23:51.740641,2019-01-21 11:24:12.257,2019-01-21 11:24:12.053790,2019-01-21 11:23:52.205,2019-01-21 11:24:12.256
2019-01-21 11:23:51.727200,2019-01-21 11:24:12.385,2019-01-21 11:24:12.051410,2019-01-21 11:23:52.202,2019-01-21 11:24:12.384
2019-01-21 11:23:51.749559,2019-01-21 11:24:12.524,2019-01-21 11:24:12.060717,2019-01-21 11:23:52.707,2019-01-21 11:24:12.523
2019-01-21 11:23:51.711950,2019-01-21 11:24:12.657,2019-01-21 11:24:12.044004,2019-01-21 11:23:52.205,2019-01-21 11:24:12.656
2019-01-21 11:23:51.742367,2019-01-21 11:24:12.779,2019-01-21 11:24:12.058644,2019-01-21 11:23:52.499,2019-01-21 11:24:12.778
2019-01-21 11:23:51.724364,2019-01-21 11:24:12.925,2019-01-21 11:24:12.047254,2019-01-21 11:23:52.403,2019-01-21 11:24:12.925
2019-01-21 11:23:51.728348,2019-01-21 11:24:13.59,2019-01-21 11:24:12.052154,2019-01-21 11:23:52.501,2019-01-21 11:24:13.59
2019-01-21 11:23:51.748921,2019-01-21 11:24:13.187,2019-01-21 11:24:12.059988,2019-01-21 11:23:52.508,2019-01-21 11:24:13.186
2019-01-21 11:23:51.710213,2019-01-21 11:24:13.313,2019-01-21 11:24:12.042599,2019-01-21 11:23:52.204,2019-01-21 11:24:13.312
2019-01-21 11:23:51.725916,2019-01-21 11:24:13.799,2019-01-21 11:24:12.050373,2019-01-21 11:23:52.206,2019-01-21 11:24:13.799
2019-01-21 11:23:51.713139,2019-01-21 11:24:13.928,2019-01-21 11:24:12.044983,2019-01-21 11:23:52.204,2019-01-21 11:24:13.928
2019-01-21 11:23:51.751643,2019-01-21 11:24:14.57,2019-01-21 11:24:12.062470,2019-01-21 11:23:52.102,2019-01-21 11:24:14.57
2019-01-21 11:23:51.725036,2019-01-21 11:24:14.188,2019-01-21 11:24:12.047768,2019-01-21 11:23:52.303,2019-01-21 11:24:14.188
2019-01-21 11:23:51.714387,2019-01-21 11:24:14.317,2019-01-21 11:24:12.045979,2019-01-21 11:23:52.304,2019-01-21 11:24:14.316
2019-01-21 11:23:51.751933,2019-01-21 11:24:14.459,2019-01-21 11:24:12.062718,2019-01-21 11:23:52.703,2019-01-21 11:24:14.459
2019-01-21 11:23:51.775995,2019-01-21 11:24:14.596,2019-01-21 11:24:12.144639,2019-01-21 11:23:52.305,2019-01-21 11:24:14.596
2019-01-21 11:23:51.750547,2019-01-21 11:24:14.729,2019-01-21 11:24:12.061672,2019-01-21 11:23:52.498,2019-01-21 11:24:14.729
2019-01-21 11:23:51.776608,2019-01-21 11:24:14.858,2019-01-21 11:24:12.145155,2019-01-21 11:23:52.604,2019-01-21 11:24:14.858
2019-01-21 11:23:51.726568,2019-01-21 11:24:14.988,2019-01-21 11:24:12.050913,2019-01-21 11:23:52.102,2019-01-21 11:24:14.987
2019-01-21 11:23:51.740214,2019-01-21 11:24:15.117,2019-01-21 11:24:12.053507,2019-01-21 11:23:52.802,2019-01-21 11:24:15.116
2019-01-21 11:23:51.739165,2019-01-21 11:24:15.246,2019-01-21 11:24:12.052660,2019-01-21 11:23:52.505,2019-01-21 11:24:15.245
2019-01-21 11:23:51.728065,2019-01-21 11:24:15.383,2019-01-21 11:24:12.051904,2019-01-21 11:23:52.106,2019-01-21 11:24:15.375
2019-01-21 11:23:51.775363,2019-01-21 11:24:15.516,2019-01-21 11:24:12.143969,2019-01-21 11:23:52.204,2019-01-21 11:24:15.515
2019-01-21 11:23:51.726903,2019-01-21 11:24:15.648,2019-01-21 11:24:12.051158,2019-01-21 11:23:52.496,2019-01-21 11:24:15.648
2019-01-21 11:23:51.751333,2019-01-21 11:24:15.778,2019-01-21 11:24:12.062202,2019-01-21 11:23:52.304,2019-01-21 11:24:15.777
2019-01-21 11:23:51.714026,2019-01-21 11:24:15.912,2019-01-21 11:24:12.045728,2019-01-21 11:23:52.204,2019-01-21 11:24:15.911
2019-01-21 11:23:51.739571,2019-01-21 11:24:16.46,2019-01-21 11:24:12.052980,2019-01-21 11:23:52.707,2019-01-21 11:24:16.45
2019-01-21 11:23:51.742742,2019-01-21 11:24:16.174,2019-01-21 11:24:12.058916,2019-01-21 11:23:52.204,2019-01-21 11:24:16.174
2019-01-21 11:23:51.743382,2019-01-21 11:24:16.520,2019-01-21 11:24:12.059439,2019-01-21 11:23:52.503,2019-01-21 11:24:16.520
2019-01-21 11:23:51.724750,2019-01-21 11:24:17.93,2019-01-21 11:24:12.047517,2019-01-21 11:23:52.803,2019-01-21 11:24:17.92
2019-01-21 11:23:51.739903,2019-01-21 11:24:17.213,2019-01-21 11:24:12.053249,2019-01-21 11:23:52.605,2019-01-21 11:24:17.213
2019-01-21 11:23:51.743758,2019-01-21 11:24:17.339,2019-01-21 11:24:12.059693,2019-01-21 11:23:52.302,2019-01-21 11:24:17.339
2019-01-21 11:23:51.750174,2019-01-21 11:24:17.491,2019-01-21 11:24:12.061286,2019-01-21 11:23:52.602,2019-01-21 11:24:17.489
2019-01-21 11:23:51.711109,2019-01-21 11:24:17.618,2019-01-21 11:24:12.043258,2019-01-21 11:23:52.502,2019-01-21 11:24:17.617
2019-01-21 11:23:51.711399,2019-01-21 11:24:17.744,2019-01-21 11:24:12.043509,2019-01-21 11:23:52.304,2019-01-21 11:24:17.743
2019-01-21 11:23:51.741291,2019-01-21 11:24:17.874,2019-01-21 11:24:12.054466,2019-01-21 11:23:52.306,2019-01-21 11:24:17.873
2019-01-21 11:23:51.776909,2019-01-21 11:24:18.08,2019-01-21 11:24:12.145528,2019-01-21 11:23:52.504,2019-01-21 11:24:18.07
2019-01-21 11:23:51.712543,2019-01-21 11:24:18.133,2019-01-21 11:24:12.044488,2019-01-21 11:23:52.302,2019-01-21 11:24:18.132
2019-01-21 11:23:51.712850,2019-01-21 11:24:18.255,2019-01-21 11:24:12.044735,2019-01-21 11:23:52.201,2019-01-21 11:24:18.255
2019-01-21 11:23:51.725624,2019-01-21 11:24:18.378,2019-01-21 11:24:12.049966,2019-01-21 11:23:52.804,2019-01-21 11:24:18.377
2019-01-21 11:23:51.856383,2019-01-21 11:24:18.500,2019-01-21 11:24:12.228718,2019-01-21 11:23:52.704,2019-01-21 11:24:18.499
2019-01-21 11:23:51.715342,2019-01-21 11:24:18.625,2019-01-21 11:24:12.046730,2019-01-21 11:23:52.301,2019-01-21 11:24:18.624
2019-01-21 11:23:51.710740,2019-01-21 11:24:18.752,2019-01-21 11:24:12.043041,2019-01-21 11:23:52.102,2019-01-21 11:24:18.751
2019-01-21 11:23:51.750989,2019-01-21 11:24:18.883,2019-01-21 11:24:12.061934,2019-01-21 11:23:52.403,2019-01-21 11:24:18.883
2019-01-21 11:23:51.726233,2019-01-21 11:24:19.05,2019-01-21 11:24:12.050661,2019-01-21 11:23:52.703,2019-01-21 11:24:19.05
2019-01-21 11:23:51.856875,2019-01-21 11:24:19.129,2019-01-21 11:24:12.229256,2019-01-21 11:23:52.503,2019-01-21 11:24:19.129
2019-01-21 11:23:51.713445,2019-01-21 11:24:19.255,2019-01-21 11:24:12.045230,2019-01-21 11:23:52.105,2019-01-21 11:24:19.254
2019-01-21 11:23:51.715799,2019-01-21 11:24:19.380,2019-01-21 11:24:12.046993,2019-01-21 11:23:52.499,2019-01-21 11:24:19.379
2019-01-21 11:23:51.854829,2019-01-21 11:24:19.505,2019-01-21 11:24:12.226317,2019-01-21 11:23:52.305,2019-01-21 11:24:19.505
2019-01-21 11:23:51.725338,2019-01-21 11:24:19.634,2019-01-21 11:24:12.048016,2019-01-21 11:23:52.106,2019-01-21 11:24:19.633
2019-01-21 11:23:51.727702,2019-01-21 11:24:19.762,2019-01-21 11:24:12.051656,2019-01-21 11:23:52.305,2019-01-21 11:24:19.761
2019-01-21 11:23:52.024326,2019-01-21 11:24:19.897,2019-01-21 11:24:12.313468,2019-01-21 11:23:52.706,2019-01-21 11:24:19.896
2019-01-21 11:23:51.715022,2019-01-21 11:24:20.18,2019-01-21 11:24:12.046483,2019-01-21 11:23:52.305,2019-01-21 11:24:20.18
2019-01-21 11:23:51.904989,2019-01-21 11:24:20.144,2019-01-21 11:24:12.275575,2019-01-21 11:23:52.707,2019-01-21 11:24:20.144
2019-01-21 11:23:51.742029,2019-01-21 11:24:20.271,2019-01-21 11:24:12.058285,2019-01-21 11:23:52.306,2019-01-21 11:24:20.270
2019-01-21 11:23:51.713724,2019-01-21 11:24:20.397,2019-01-21 11:24:12.045479,2019-01-21 11:23:52.498,2019-01-21 11:24:20.396
2019-01-21 11:23:51.740970,2019-01-21 11:24:20.524,2019-01-21 11:24:12.054179,2019-01-21 11:23:52.104,2019-01-21 11:24:20.524
2019-01-21 11:23:51.714739,2019-01-21 11:24:20.652,2019-01-21 11:24:12.046231,2019-01-21 11:23:52.303,2019-01-21 11:24:20.652
2019-01-21 11:23:51.858435,2019-01-21 11:24:20.774,2019-01-21 11:24:12.272675,2019-01-21 11:23:52.203,2019-01-21 11:24:20.774
2019-01-21 11:23:51.743052,2019-01-21 11:24:21.69,2019-01-21 11:24:12.059181,2019-01-21 11:23:52.402,2019-01-21 11:24:21.68
2019-01-21 11:23:51.728748,2019-01-21 11:24:21.431,2019-01-21 11:24:12.052407,2019-01-21 11:23:52.603,2019-01-21 11:24:21.431
2019-01-21 11:23:51.855373,2019-01-21 11:24:21.555,2019-01-21 11:24:12.227315,2019-01-21 11:23:52.497,2019-01-21 11:24:21.554
2019-01-21 11:23:51.874844,2019-01-21 11:24:21.675,2019-01-21 11:24:12.273290,2019-01-21 11:23:52.505,2019-01-21 11:24:21.674
2019-01-21 11:23:51.907842,2019-01-21 11:24:21.801,2019-01-21 11:24:12.311670,2019-01-21 11:23:52.605,2019-01-21 11:24:21.801
2019-01-21 11:23:51.907377,2019-01-21 11:24:21.924,2019-01-21 11:24:12.311184,2019-01-21 11:23:52.606,2019-01-21 11:24:21.923
2019-01-21 11:23:52.023244,2019-01-21 11:24:22.49,2019-01-21 11:24:12.312598,2019-01-21 11:23:52.708,2019-01-21 11:24:22.49
2019-01-21 11:23:51.774626,2019-01-21 11:24:22.178,2019-01-21 11:24:12.143264,2019-01-21 11:23:52.706,2019-01-21 11:24:22.177
2019-01-21 11:23:51.854046,2019-01-21 11:24:22.309,2019-01-21 11:24:12.146434,2019-01-21 11:23:52.605,2019-01-21 11:24:22.308
2019-01-21 11:23:52.022706,2019-01-21 11:24:22.453,2019-01-21 11:24:12.312304,2019-01-21 11:23:52.705,2019-01-21 11:24:22.452
2019-01-21 11:23:52.023766,2019-01-21 11:24:22.577,2019-01-21 11:24:12.312901,2019-01-21 11:23:52.604,2019-01-21 11:24:22.576
2019-01-21 11:23:51.903863,2019-01-21 11:24:22.723,2019-01-21 11:24:12.274742,2019-01-21 11:23:52.803,2019-01-21 11:24:22.723
2019-01-21 11:24:52.599262,2019-01-21 11:25:13.13,2019-01-21 11:25:12.860728,2019-01-21 11:24:53.86,2019-01-21 11:25:13.11
2019-01-21 11:24:52.612508,2019-01-21 11:25:13.142,2019-01-21 11:25:12.874763,2019-01-21 11:24:53.486,2019-01-21 11:25:13.141
2019-01-21 11:24:52.602125,2019-01-21 11:25:13.266,2019-01-21 11:25:12.863420,2019-01-21 11:24:53.83,2019-01-21 11:25:13.264
2019-01-21 11:24:52.600855,2019-01-21 11:25:13.404,2019-01-21 11:25:12.862187,2019-01-21 11:24:53.85,2019-01-21 11:25:13.404
2019-01-21 11:24:52.597061,2019-01-21 11:25:13.535,2019-01-21 11:25:12.858598,2019-01-21 11:24:52.783,2019-01-21 11:25:13.534
2019-01-21 11:24:52.611128,2019-01-21 11:25:13.668,2019-01-21 11:25:12.873312,2019-01-21 11:24:53.87,2019-01-21 11:25:13.667
2019-01-21 11:24:52.600357,2019-01-21 11:25:13.808,2019-01-21 11:25:12.861707,2019-01-21 11:24:52.783,2019-01-21 11:25:13.807
2019-01-21 11:24:52.598765,2019-01-21 11:25:13.943,2019-01-21 11:25:12.860230,2019-01-21 11:24:53.383,2019-01-21 11:25:13.942
2019-01-21 11:24:52.597984,2019-01-21 11:25:14.96,2019-01-21 11:25:12.859500,2019-01-21 11:24:52.883,2019-01-21 11:25:14.96
2019-01-21 11:24:52.601364,2019-01-21 11:25:14.220,2019-01-21 11:25:12.862680,2019-01-21 11:24:53.84,2019-01-21 11:25:14.220
2019-01-21 11:24:52.621494,2019-01-21 11:25:14.340,2019-01-21 11:25:12.892645,2019-01-21 11:24:53.385,2019-01-21 11:25:14.339
2019-01-21 11:24:52.623866,2019-01-21 11:25:14.460,2019-01-21 11:25:12.895276,2019-01-21 11:24:53.183,2019-01-21 11:25:14.459
2019-01-21 11:24:52.600008,2019-01-21 11:25:14.584,2019-01-21 11:25:12.861458,2019-01-21 11:24:53.84,2019-01-21 11:25:14.583
2019-01-21 11:24:52.601612,2019-01-21 11:25:14.704,2019-01-21 11:25:12.862923,2019-01-21 11:24:53.290,2019-01-21 11:25:14.703
2019-01-21 11:24:52.598520,2019-01-21 11:25:14.831,2019-01-21 11:25:12.859991,2019-01-21 11:24:53.489,2019-01-21 11:25:14.830
2019-01-21 11:24:52.609201,2019-01-21 11:25:14.955,2019-01-21 11:25:12.871531,2019-01-21 11:24:52.989,2019-01-21 11:25:14.955
2019-01-21 11:24:52.599756,2019-01-21 11:25:15.80,2019-01-21 11:25:12.861215,2019-01-21 11:24:52.884,2019-01-21 11:25:15.80
2019-01-21 11:24:52.641367,2019-01-21 11:25:15.203,2019-01-21 11:25:12.912933,2019-01-21 11:24:53.88,2019-01-21 11:25:15.203
2019-01-21 11:24:52.608375,2019-01-21 11:25:15.327,2019-01-21 11:25:12.870797,2019-01-21 11:24:53.485,2019-01-21 11:25:15.327
2019-01-21 11:24:52.609693,2019-01-21 11:25:15.458,2019-01-21 11:25:12.872063,2019-01-21 11:24:53.288,2019-01-21 11:25:15.457
2019-01-21 11:24:52.599513,2019-01-21 11:25:15.580,2019-01-21 11:25:12.860978,2019-01-21 11:24:52.883,2019-01-21 11:25:15.579
2019-01-21 11:24:52.658666,2019-01-21 11:25:15.705,2019-01-21 11:25:12.942681,2019-01-21 11:24:53.584,2019-01-21 11:25:15.704
2019-01-21 11:24:52.608944,2019-01-21 11:25:15.834,2019-01-21 11:25:12.871287,2019-01-21 11:24:53.287,2019-01-21 11:25:15.834
2019-01-21 11:24:52.609450,2019-01-21 11:25:15.957,2019-01-21 11:25:12.871776,2019-01-21 11:24:52.984,2019-01-21 11:25:15.957
2019-01-21 11:24:52.608121,2019-01-21 11:25:16.81,2019-01-21 11:25:12.870468,2019-01-21 11:24:53.483,2019-01-21 11:25:16.80
2019-01-21 11:24:52.643056,2019-01-21 11:25:16.208,2019-01-21 11:25:12.914493,2019-01-21 11:24:53.185,2019-01-21 11:25:16.207
2019-01-21 11:24:52.642506,2019-01-21 11:25:16.330,2019-01-21 11:25:12.913980,2019-01-21 11:24:52.986,2019-01-21 11:25:16.330
2019-01-21 11:24:52.601110,2019-01-21 11:25:16.479,2019-01-21 11:25:12.862433,2019-01-21 11:24:52.782,2019-01-21 11:25:16.479
2019-01-21 11:24:52.599006,2019-01-21 11:25:16.610,2019-01-21 11:25:12.860481,2019-01-21 11:24:53.84,2019-01-21 11:25:16.609
2019-01-21 11:24:52.625306,2019-01-21 11:25:16.734,2019-01-21 11:25:12.896752,2019-01-21 11:24:53.585,2019-01-21 11:25:16.733
2019-01-21 11:24:52.655697,2019-01-21 11:25:16.863,2019-01-21 11:25:12.939779,2019-01-21 11:24:53.385,2019-01-21 11:25:16.862
2019-01-21 11:24:52.657959,2019-01-21 11:25:16.987,2019-01-21 11:25:12.942154,2019-01-21 11:24:53.184,2019-01-21 11:25:16.987
2019-01-21 11:24:52.610315,2019-01-21 11:25:17.116,2019-01-21 11:25:12.872579,2019-01-21 11:24:52.783,2019-01-21 11:25:17.116
2019-01-21 11:24:52.611909,2019-01-21 11:25:17.239,2019-01-21 11:25:12.874174,2019-01-21 11:24:52.682,2019-01-21 11:25:17.238
2019-01-21 11:24:52.607778,2019-01-21 11:25:17.363,2019-01-21 11:25:12.863908,2019-01-21 11:24:52.782,2019-01-21 11:25:17.362
2019-01-21 11:24:52.622511,2019-01-21 11:25:17.485,2019-01-21 11:25:12.893665,2019-01-21 11:24:53.183,2019-01-21 11:25:17.485
2019-01-21 11:24:52.621238,2019-01-21 11:25:17.612,2019-01-21 11:25:12.892144,2019-01-21 11:24:53.283,2019-01-21 11:25:17.612
2019-01-21 11:24:52.645164,2019-01-21 11:25:17.734,2019-01-21 11:25:12.916709,2019-01-21 11:24:53.188,2019-01-21 11:25:17.733
2019-01-21 11:24:52.611413,2019-01-21 11:25:17.896,2019-01-21 11:25:12.873593,2019-01-21 11:24:53.386,2019-01-21 11:25:17.895
2019-01-21 11:24:52.644570,2019-01-21 11:25:18.518,2019-01-21 11:25:12.916016,2019-01-21 11:24:53.486,2019-01-21 11:25:18.518
2019-01-21 11:24:52.612232,2019-01-21 11:25:18.643,2019-01-21 11:25:12.874424,2019-01-21 11:24:53.291,2019-01-21 11:25:18.642
2019-01-21 11:24:52.813000,2019-01-21 11:25:18.765,2019-01-21 11:25:13.003283,2019-01-21 11:24:53.283,2019-01-21 11:25:18.765
2019-01-21 11:24:52.658229,2019-01-21 11:25:18.964,2019-01-21 11:25:12.942437,2019-01-21 11:24:53.82,2019-01-21 11:25:18.963
2019-01-21 11:24:52.609946,2019-01-21 11:25:19.85,2019-01-21 11:25:12.872336,2019-01-21 11:24:52.991,2019-01-21 11:25:19.84
2019-01-21 11:24:52.810461,2019-01-21 11:25:19.214,2019-01-21 11:25:13.000886,2019-01-21 11:24:53.583,2019-01-21 11:25:19.213
2019-01-21 11:24:52.623053,2019-01-21 11:25:19.339,2019-01-21 11:25:12.894157,2019-01-21 11:24:53.384,2019-01-21 11:25:19.339
2019-01-21 11:24:52.601859,2019-01-21 11:25:19.463,2019-01-21 11:25:12.863170,2019-01-21 11:24:53.85,2019-01-21 11:25:19.462
2019-01-21 11:24:52.611657,2019-01-21 11:25:19.586,2019-01-21 11:25:12.873878,2019-01-21 11:24:53.584,2019-01-21 11:25:19.585
2019-01-21 11:24:52.641673,2019-01-21 11:25:19.711,2019-01-21 11:25:12.913194,2019-01-21 11:24:53.684,2019-01-21 11:25:19.710
2019-01-21 11:24:52.610620,2019-01-21 11:25:19.835,2019-01-21 11:25:12.872825,2019-01-21 11:24:52.988,2019-01-21 11:25:19.834
2019-01-21 11:24:52.811563,2019-01-21 11:25:19.958,2019-01-21 11:25:13.001962,2019-01-21 11:24:53.684,2019-01-21 11:25:19.957
2019-01-21 11:24:52.657170,2019-01-21 11:25:20.85,2019-01-21 11:25:12.941019,2019-01-21 11:24:53.191,2019-01-21 11:25:20.84
2019-01-21 11:24:52.597505,2019-01-21 11:25:20.209,2019-01-21 11:25:12.859028,2019-01-21 11:24:52.782,2019-01-21 11:25:20.209
2019-01-21 11:24:52.625564,2019-01-21 11:25:20.331,2019-01-21 11:25:12.897041,2019-01-21 11:24:53.485,2019-01-21 11:25:20.331
2019-01-21 11:24:52.657703,2019-01-21 11:25:20.454,2019-01-21 11:25:12.941738,2019-01-21 11:24:53.182,2019-01-21 11:25:20.453
2019-01-21 11:24:52.608686,2019-01-21 11:25:20.584,2019-01-21 11:25:12.871049,2019-01-21 11:24:53.386,2019-01-21 11:25:20.584
2019-01-21 11:24:52.597725,2019-01-21 11:25:20.708,2019-01-21 11:25:12.859244,2019-01-21 11:24:53.185,2019-01-21 11:25:20.707
2019-01-21 11:24:52.641983,2019-01-21 11:25:20.828,2019-01-21 11:25:12.913443,2019-01-21 11:24:53.285,2019-01-21 11:25:20.828
2019-01-21 11:24:52.598230,2019-01-21 11:25:20.950,2019-01-21 11:25:12.859744,2019-01-21 11:24:53.284,2019-01-21 11:25:20.949
2019-01-21 11:24:52.656321,2019-01-21 11:25:21.75,2019-01-21 11:25:12.940354,2019-01-21 11:24:53.88,2019-01-21 11:25:21.74
2019-01-21 11:24:52.642257,2019-01-21 11:25:21.202,2019-01-21 11:25:12.913690,2019-01-21 11:24:52.990,2019-01-21 11:25:21.201
2019-01-21 11:24:52.813560,2019-01-21 11:25:21.332,2019-01-21 11:25:13.003846,2019-01-21 11:24:53.586,2019-01-21 11:25:21.332
2019-01-21 11:24:52.624121,2019-01-21 11:25:21.455,2019-01-21 11:25:12.895536,2019-01-21 11:24:52.886,2019-01-21 11:25:21.454
2019-01-21 11:24:52.643984,2019-01-21 11:25:21.578,2019-01-21 11:25:12.915227,2019-01-21 11:24:52.882,2019-01-21 11:25:21.577
2019-01-21 11:24:52.602372,2019-01-21 11:25:21.703,2019-01-21 11:25:12.863659,2019-01-21 11:24:53.483,2019-01-21 11:25:21.703
2019-01-21 11:24:52.643616,2019-01-21 11:25:21.830,2019-01-21 11:25:12.914982,2019-01-21 11:24:53.586,2019-01-21 11:25:21.828
2019-01-21 11:24:52.642778,2019-01-21 11:25:21.956,2019-01-21 11:25:12.914242,2019-01-21 11:24:52.987,2019-01-21 11:25:21.955
2019-01-21 11:24:52.643331,2019-01-21 11:25:22.79,2019-01-21 11:25:12.914739,2019-01-21 11:24:52.985,2019-01-21 11:25:22.78
2019-01-21 11:24:52.624750,2019-01-21 11:25:22.673,2019-01-21 11:25:12.896050,2019-01-21 11:24:53.189,2019-01-21 11:25:22.672
2019-01-21 11:24:52.621745,2019-01-21 11:25:22.810,2019-01-21 11:25:12.892923,2019-01-21 11:24:53.383,2019-01-21 11:25:22.809
2019-01-21 11:24:52.623331,2019-01-21 11:25:22.931,2019-01-21 11:25:12.894646,2019-01-21 11:24:53.384,2019-01-21 11:25:22.930
2019-01-21 11:24:52.655999,2019-01-21 11:25:23.51,2019-01-21 11:25:12.940111,2019-01-21 11:24:53.488,2019-01-21 11:25:23.51
2019-01-21 11:24:52.659490,2019-01-21 11:25:23.177,2019-01-21 11:25:12.943196,2019-01-21 11:24:53.383,2019-01-21 11:25:23.176
2019-01-21 11:24:52.808941,2019-01-21 11:25:23.300,2019-01-21 11:25:12.943904,2019-01-21 11:24:53.584,2019-01-21 11:25:23.299
2019-01-21 11:24:52.813309,2019-01-21 11:25:23.440,2019-01-21 11:25:13.003544,2019-01-21 11:24:53.484,2019-01-21 11:25:23.439
2019-01-21 11:24:52.812374,2019-01-21 11:25:23.563,2019-01-21 11:25:13.002767,2019-01-21 11:24:53.585,2019-01-21 11:25:23.562
2019-01-21 11:25:53.575934,2019-01-21 11:26:14.08,2019-01-21 11:26:13.863495,2019-01-21 11:25:54.279,2019-01-21 11:26:14.07
2019-01-21 11:25:53.573412,2019-01-21 11:26:14.138,2019-01-21 11:26:13.860959,2019-01-21 11:25:53.979,2019-01-21 11:26:14.137
2019-01-21 11:25:53.571433,2019-01-21 11:26:14.269,2019-01-21 11:26:13.859028,2019-01-21 11:25:54.380,2019-01-21 11:26:14.268
2019-01-21 11:25:53.571917,2019-01-21 11:26:14.400,2019-01-21 11:26:13.859500,2019-01-21 11:25:54.182,2019-01-21 11:26:14.399
2019-01-21 11:25:53.575184,2019-01-21 11:26:14.525,2019-01-21 11:26:13.862671,2019-01-21 11:25:54.79,2019-01-21 11:26:14.525
2019-01-21 11:25:53.588920,2019-01-21 11:26:14.653,2019-01-21 11:26:13.902852,2019-01-21 11:25:54.80,2019-01-21 11:26:14.652
2019-01-21 11:25:53.740035,2019-01-21 11:26:14.790,2019-01-21 11:26:13.913063,2019-01-21 11:25:54.380,2019-01-21 11:26:14.790
2019-01-21 11:25:53.736786,2019-01-21 11:26:14.928,2019-01-21 11:26:13.910301,2019-01-21 11:25:54.487,2019-01-21 11:26:14.928
2019-01-21 11:25:53.574695,2019-01-21 11:26:15.53,2019-01-21 11:26:13.862171,2019-01-21 11:25:54.382,2019-01-21 11:26:15.53
2019-01-21 11:25:53.582749,2019-01-21 11:26:15.171,2019-01-21 11:26:13.876251,2019-01-21 11:25:53.779,2019-01-21 11:26:15.171
2019-01-21 11:25:53.571663,2019-01-21 11:26:15.297,2019-01-21 11:26:13.859244,2019-01-21 11:25:54.80,2019-01-21 11:26:15.296
2019-01-21 11:25:53.582482,2019-01-21 11:26:15.425,2019-01-21 11:26:13.875972,2019-01-21 11:25:54.82,2019-01-21 11:26:15.425
2019-01-21 11:25:53.575437,2019-01-21 11:26:15.549,2019-01-21 11:26:13.862916,2019-01-21 11:25:53.778,2019-01-21 11:26:15.548
2019-01-21 11:25:53.573916,2019-01-21 11:26:15.689,2019-01-21 11:26:13.861442,2019-01-21 11:25:54.78,2019-01-21 11:26:15.689
2019-01-21 11:25:53.765932,2019-01-21 11:26:15.826,2019-01-21 11:26:13.914022,2019-01-21 11:25:54.281,2019-01-21 11:26:15.826
2019-01-21 11:25:53.828797,2019-01-21 11:26:15.957,2019-01-21 11:26:13.931768,2019-01-21 11:25:54.492,2019-01-21 11:26:15.957
2019-01-21 11:25:53.735738,2019-01-21 11:26:16.83,2019-01-21 11:26:13.904800,2019-01-21 11:25:54.379,2019-01-21 11:26:16.83
2019-01-21 11:25:53.768432,2019-01-21 11:26:16.213,2019-01-21 11:26:13.921360,2019-01-21 11:25:54.178,2019-01-21 11:26:16.212
2019-01-21 11:25:53.572906,2019-01-21 11:26:16.335,2019-01-21 11:26:13.860460,2019-01-21 11:25:53.980,2019-01-21 11:26:16.335
2019-01-21 11:25:53.575692,2019-01-21 11:26:16.460,2019-01-21 11:26:13.863257,2019-01-21 11:25:53.779,2019-01-21 11:26:16.459
2019-01-21 11:25:53.586734,2019-01-21 11:26:16.589,2019-01-21 11:26:13.900734,2019-01-21 11:25:53.778,2019-01-21 11:26:16.588
2019-01-21 11:25:53.581464,2019-01-21 11:26:16.713,2019-01-21 11:26:13.874930,2019-01-21 11:25:53.780,2019-01-21 11:26:16.712
2019-01-21 11:25:53.573664,2019-01-21 11:26:16.836,2019-01-21 11:26:13.861197,2019-01-21 11:25:53.880,2019-01-21 11:26:16.836
2019-01-21 11:25:53.770157,2019-01-21 11:26:16.962,2019-01-21 11:26:13.922766,2019-01-21 11:25:54.82,2019-01-21 11:26:16.961
2019-01-21 11:25:53.572161,2019-01-21 11:26:17.83,2019-01-21 11:26:13.859748,2019-01-21 11:25:53.980,2019-01-21 11:26:17.82
2019-01-21 11:25:53.580033,2019-01-21 11:26:17.207,2019-01-21 11:26:13.873943,2019-01-21 11:25:54.283,2019-01-21 11:26:17.207
2019-01-21 11:25:53.586154,2019-01-21 11:26:17.384,2019-01-21 11:26:13.876814,2019-01-21 11:25:54.281,2019-01-21 11:26:17.383
2019-01-21 11:25:53.828097,2019-01-21 11:26:17.519,2019-01-21 11:26:13.931254,2019-01-21 11:25:54.383,2019-01-21 11:26:17.519
2019-01-21 11:25:53.829838,2019-01-21 11:26:17.650,2019-01-21 11:26:13.932612,2019-01-21 11:25:54.380,2019-01-21 11:26:17.650
2019-01-21 11:25:53.590206,2019-01-21 11:26:17.779,2019-01-21 11:26:13.904294,2019-01-21 11:25:54.282,2019-01-21 11:26:17.779
2019-01-21 11:25:53.574191,2019-01-21 11:26:18.238,2019-01-21 11:26:13.861687,2019-01-21 11:25:54.79,2019-01-21 11:26:18.237
2019-01-21 11:25:53.825572,2019-01-21 11:26:18.377,2019-01-21 11:26:13.924107,2019-01-21 11:25:54.578,2019-01-21 11:26:18.377
2019-01-21 11:25:53.826848,2019-01-21 11:26:18.563,2019-01-21 11:26:13.924944,2019-01-21 11:25:54.78,2019-01-21 11:26:18.563
2019-01-21 11:25:53.570964,2019-01-21 11:26:18.687,2019-01-21 11:26:13.858596,2019-01-21 11:25:54.179,2019-01-21 11:26:18.686
2019-01-21 11:25:53.578768,2019-01-21 11:26:18.807,2019-01-21 11:26:13.872691,2019-01-21 11:25:54.81,2019-01-21 11:26:18.807
2019-01-21 11:25:53.573161,2019-01-21 11:26:18.964,2019-01-21 11:26:13.860717,2019-01-21 11:25:54.80,2019-01-21 11:26:18.963
2019-01-21 11:25:53.825209,2019-01-21 11:26:19.87,2019-01-21 11:26:13.923777,2019-01-21 11:25:54.383,2019-01-21 11:26:19.87
2019-01-21 11:25:53.738710,2019-01-21 11:26:19.274,2019-01-21 11:26:13.912036,2019-01-21 11:25:54.485,2019-01-21 11:26:19.274
2019-01-21 11:25:53.769473,2019-01-21 11:26:19.441,2019-01-21 11:26:13.922121,2019-01-21 11:25:54.479,2019-01-21 11:26:19.440
2019-01-21 11:25:53.580979,2019-01-21 11:26:20.64,2019-01-21 11:26:13.874435,2019-01-21 11:25:53.877,2019-01-21 11:26:20.64
2019-01-21 11:25:53.581956,2019-01-21 11:26:20.182,2019-01-21 11:26:13.875436,2019-01-21 11:25:53.879,2019-01-21 11:26:20.181
2019-01-21 11:25:53.827355,2019-01-21 11:26:20.305,2019-01-21 11:26:13.930609,2019-01-21 11:25:54.382,2019-01-21 11:26:20.304
2019-01-21 11:25:53.578341,2019-01-21 11:26:20.426,2019-01-21 11:26:13.872302,2019-01-21 11:25:54.478,2019-01-21 11:26:20.426
2019-01-21 11:25:53.579783,2019-01-21 11:26:20.549,2019-01-21 11:26:13.873701,2019-01-21 11:25:53.978,2019-01-21 11:26:20.549
2019-01-21 11:25:53.737776,2019-01-21 11:26:20.676,2019-01-21 11:26:13.911262,2019-01-21 11:25:54.379,2019-01-21 11:26:20.676
2019-01-21 11:25:53.572402,2019-01-21 11:26:20.808,2019-01-21 11:26:13.859983,2019-01-21 11:25:54.282,2019-01-21 11:26:20.807
2019-01-21 11:25:53.738057,2019-01-21 11:26:20.929,2019-01-21 11:26:13.911514,2019-01-21 11:25:54.182,2019-01-21 11:26:20.929
2019-01-21 11:25:53.588571,2019-01-21 11:26:21.55,2019-01-21 11:26:13.902603,2019-01-21 11:25:53.677,2019-01-21 11:26:21.55
2019-01-21 11:25:53.579532,2019-01-21 11:26:21.181,2019-01-21 11:26:13.873456,2019-01-21 11:25:53.978,2019-01-21 11:26:21.181
2019-01-21 11:25:53.766363,2019-01-21 11:26:21.305,2019-01-21 11:26:13.914323,2019-01-21 11:25:54.381,2019-01-21 11:26:21.304
2019-01-21 11:25:53.586479,2019-01-21 11:26:21.425,2019-01-21 11:26:13.900399,2019-01-21 11:25:53.678,2019-01-21 11:26:21.425
2019-01-21 11:25:53.766625,2019-01-21 11:26:21.575,2019-01-21 11:26:13.914591,2019-01-21 11:25:54.82,2019-01-21 11:26:21.575
2019-01-21 11:25:53.589445,2019-01-21 11:26:21.697,2019-01-21 11:26:13.903354,2019-01-21 11:25:53.882,2019-01-21 11:26:21.696
2019-01-21 11:25:53.586973,2019-01-21 11:26:21.821,2019-01-21 11:26:13.901004,2019-01-21 11:25:53.882,2019-01-21 11:26:21.820
2019-01-21 11:25:53.825892,2019-01-21 11:26:21.947,2019-01-21 11:26:13.924431,2019-01-21 11:25:54.491,2019-01-21 11:26:21.946
2019-01-21 11:25:53.574452,2019-01-21 11:26:22.69,2019-01-21 11:26:13.861931,2019-01-21 11:25:53.880,2019-01-21 11:26:22.69
2019-01-21 11:25:53.579040,2019-01-21 11:26:22.192,2019-01-21 11:26:13.872951,2019-01-21 11:25:54.486,2019-01-21 11:26:22.191
2019-01-21 11:25:53.572658,2019-01-21 11:26:22.318,2019-01-21 11:26:13.860219,2019-01-21 11:25:54.283,2019-01-21 11:26:22.317
2019-01-21 11:25:53.589948,2019-01-21 11:26:22.443,2019-01-21 11:26:13.904013,2019-01-21 11:25:54.281,2019-01-21 11:26:22.442
2019-01-21 11:25:53.576182,2019-01-21 11:26:22.575,2019-01-21 11:26:13.863733,2019-01-21 11:25:54.182,2019-01-21 11:26:22.574
2019-01-21 11:25:53.770684,2019-01-21 11:26:22.702,2019-01-21 11:26:13.923339,2019-01-21 11:25:54.378,2019-01-21 11:26:22.701
2019-01-21 11:25:53.587968,2019-01-21 11:26:22.825,2019-01-21 11:26:13.902084,2019-01-21 11:25:53.979,2019-01-21 11:26:22.824
2019-01-21 11:25:53.768900,2019-01-21 11:26:22.956,2019-01-21 11:26:13.921608,2019-01-21 11:25:54.383,2019-01-21 11:26:22.955
2019-01-21 11:25:53.589181,2019-01-21 11:26:23.80,2019-01-21 11:26:13.903103,2019-01-21 11:25:53.880,2019-01-21 11:26:23.80
2019-01-21 11:25:53.740289,2019-01-21 11:26:23.205,2019-01-21 11:26:13.913716,2019-01-21 11:25:54.179,2019-01-21 11:26:23.205
2019-01-21 11:25:53.769215,2019-01-21 11:26:23.326,2019-01-21 11:26:13.921869,2019-01-21 11:25:54.579,2019-01-21 11:26:23.326
2019-01-21 11:25:53.739039,2019-01-21 11:26:23.451,2019-01-21 11:26:13.912289,2019-01-21 11:25:53.979,2019-01-21 11:26:23.451
2019-01-21 11:25:53.581223,2019-01-21 11:26:23.573,2019-01-21 11:26:13.874691,2019-01-21 11:25:54.81,2019-01-21 11:26:23.573
2019-01-21 11:25:53.769722,2019-01-21 11:26:23.702,2019-01-21 11:26:13.922378,2019-01-21 11:25:54.380,2019-01-21 11:26:23.701
2019-01-21 11:25:53.576419,2019-01-21 11:26:23.833,2019-01-21 11:26:13.863972,2019-01-21 11:25:54.380,2019-01-21 11:26:23.833
2019-01-21 11:25:53.739775,2019-01-21 11:26:24.452,2019-01-21 11:26:13.912801,2019-01-21 11:25:54.579,2019-01-21 11:26:24.452
2019-01-21 11:26:54.313691,2019-01-21 11:27:14.701,2019-01-21 11:27:14.571951,2019-01-21 11:26:54.570,2019-01-21 11:27:14.701
2019-01-21 11:26:54.330029,2019-01-21 11:27:14.853,2019-01-21 11:27:14.585832,2019-01-21 11:26:55.73,2019-01-21 11:27:14.852
2019-01-21 11:26:54.309551,2019-01-21 11:27:14.990,2019-01-21 11:27:14.567893,2019-01-21 11:26:54.470,2019-01-21 11:27:14.990
2019-01-21 11:26:54.336411,2019-01-21 11:27:15.133,2019-01-21 11:27:14.607810,2019-01-21 11:26:54.974,2019-01-21 11:27:15.133
2019-01-21 11:26:54.319539,2019-01-21 11:27:15.263,2019-01-21 11:27:14.580892,2019-01-21 11:26:54.671,2019-01-21 11:27:15.263
2019-01-21 11:26:54.311627,2019-01-21 11:27:15.392,2019-01-21 11:27:14.569885,2019-01-21 11:26:54.670,2019-01-21 11:27:15.391
2019-01-21 11:26:54.313174,2019-01-21 11:27:15.532,2019-01-21 11:27:14.571458,2019-01-21 11:26:55.272,2019-01-21 11:27:15.531
2019-01-21 11:26:54.308863,2019-01-21 11:27:15.658,2019-01-21 11:27:14.567235,2019-01-21 11:26:54.875,2019-01-21 11:27:15.657
2019-01-21 11:26:54.320568,2019-01-21 11:27:15.775,2019-01-21 11:27:14.581907,2019-01-21 11:26:54.871,2019-01-21 11:27:15.775
2019-01-21 11:26:54.312660,2019-01-21 11:27:15.899,2019-01-21 11:27:14.570944,2019-01-21 11:26:55.72,2019-01-21 11:27:15.898
2019-01-21 11:26:54.320318,2019-01-21 11:27:16.25,2019-01-21 11:27:14.581665,2019-01-21 11:26:55.173,2019-01-21 11:27:16.25
2019-01-21 11:26:54.334794,2019-01-21 11:27:16.146,2019-01-21 11:27:14.592386,2019-01-21 11:26:55.175,2019-01-21 11:27:16.145
2019-01-21 11:26:54.322840,2019-01-21 11:27:16.265,2019-01-21 11:27:14.583890,2019-01-21 11:26:54.671,2019-01-21 11:27:16.264
2019-01-21 11:26:54.321343,2019-01-21 11:27:16.389,2019-01-21 11:27:14.582614,2019-01-21 11:26:55.73,2019-01-21 11:27:16.389
2019-01-21 11:26:54.320830,2019-01-21 11:27:16.510,2019-01-21 11:27:14.582142,2019-01-21 11:26:55.175,2019-01-21 11:27:16.510
2019-01-21 11:26:54.313949,2019-01-21 11:27:16.633,2019-01-21 11:27:14.572189,2019-01-21 11:26:54.771,2019-01-21 11:27:16.632
2019-01-21 11:26:54.348105,2019-01-21 11:27:16.808,2019-01-21 11:27:14.611511,2019-01-21 11:26:54.874,2019-01-21 11:27:16.808
2019-01-21 11:26:54.330314,2019-01-21 11:27:17.08,2019-01-21 11:27:14.589096,2019-01-21 11:26:54.973,2019-01-21 11:27:17.08
2019-01-21 11:26:54.545236,2019-01-21 11:27:17.141,2019-01-21 11:27:14.710584,2019-01-21 11:26:55.172,2019-01-21 11:27:17.140
2019-01-21 11:26:54.312917,2019-01-21 11:27:17.275,2019-01-21 11:27:14.571203,2019-01-21 11:26:54.877,2019-01-21 11:27:17.274
2019-01-21 11:26:54.310082,2019-01-21 11:27:17.395,2019-01-21 11:27:14.568381,2019-01-21 11:26:54.571,2019-01-21 11:27:17.394
2019-01-21 11:26:54.347059,2019-01-21 11:27:17.515,2019-01-21 11:27:14.610974,2019-01-21 11:26:55.177,2019-01-21 11:27:17.515
2019-01-21 11:26:54.337190,2019-01-21 11:27:17.639,2019-01-21 11:27:14.608582,2019-01-21 11:26:55.371,2019-01-21 11:27:17.638
2019-01-21 11:26:54.310599,2019-01-21 11:27:17.764,2019-01-21 11:27:14.568910,2019-01-21 11:26:54.772,2019-01-21 11:27:17.764
2019-01-21 11:26:54.329353,2019-01-21 11:27:17.892,2019-01-21 11:27:14.585339,2019-01-21 11:26:54.572,2019-01-21 11:27:17.892
2019-01-21 11:26:54.548209,2019-01-21 11:27:18.17,2019-01-21 11:27:14.862534,2019-01-21 11:26:55.179,2019-01-21 11:27:18.16
2019-01-21 11:26:54.345161,2019-01-21 11:27:18.140,2019-01-21 11:27:14.609620,2019-01-21 11:26:54.673,2019-01-21 11:27:18.140
2019-01-21 11:26:54.321089,2019-01-21 11:27:18.264,2019-01-21 11:27:14.582375,2019-01-21 11:26:54.773,2019-01-21 11:27:18.264
2019-01-21 11:26:54.334472,2019-01-21 11:27:18.389,2019-01-21 11:27:14.592120,2019-01-21 11:26:54.973,2019-01-21 11:27:18.389
2019-01-21 11:26:54.421283,2019-01-21 11:27:18.509,2019-01-21 11:27:14.699982,2019-01-21 11:26:55.273,2019-01-21 11:27:18.509
2019-01-21 11:26:54.311894,2019-01-21 11:27:18.638,2019-01-21 11:27:14.570122,2019-01-21 11:26:54.773,2019-01-21 11:27:18.637
2019-01-21 11:26:54.310339,2019-01-21 11:27:18.765,2019-01-21 11:27:14.568665,2019-01-21 11:26:54.672,2019-01-21 11:27:18.764
2019-01-21 11:26:54.332736,2019-01-21 11:27:18.894,2019-01-21 11:27:14.591035,2019-01-21 11:26:54.572,2019-01-21 11:27:18.893
2019-01-21 11:26:54.309312,2019-01-21 11:27:19.17,2019-01-21 11:27:14.567672,2019-01-21 11:26:55.73,2019-01-21 11:27:19.17
2019-01-21 11:26:54.336005,2019-01-21 11:27:19.153,2019-01-21 11:27:14.593504,2019-01-21 11:26:54.974,2019-01-21 11:27:19.152
2019-01-21 11:26:54.312148,2019-01-21 11:27:19.285,2019-01-21 11:27:14.570366,2019-01-21 11:26:54.973,2019-01-21 11:27:19.284
2019-01-21 11:26:54.418765,2019-01-21 11:27:19.411,2019-01-21 11:27:14.697976,2019-01-21 11:26:55.173,2019-01-21 11:27:19.411
2019-01-21 11:26:54.347674,2019-01-21 11:27:19.536,2019-01-21 11:27:14.611244,2019-01-21 11:26:55.71,2019-01-21 11:27:19.535
2019-01-21 11:26:54.336741,2019-01-21 11:27:19.657,2019-01-21 11:27:14.608265,2019-01-21 11:26:55.174,2019-01-21 11:27:19.657
2019-01-21 11:26:54.323170,2019-01-21 11:27:19.781,2019-01-21 11:27:14.584142,2019-01-21 11:26:54.671,2019-01-21 11:27:19.780
2019-01-21 11:26:54.331949,2019-01-21 11:27:19.903,2019-01-21 11:27:14.590542,2019-01-21 11:26:54.774,2019-01-21 11:27:19.903
2019-01-21 11:26:54.322232,2019-01-21 11:27:20.30,2019-01-21 11:27:14.583382,2019-01-21 11:26:54.571,2019-01-21 11:27:20.30
2019-01-21 11:26:54.421932,2019-01-21 11:27:20.154,2019-01-21 11:27:14.702410,2019-01-21 11:26:54.973,2019-01-21 11:27:20.154
2019-01-21 11:26:54.333055,2019-01-21 11:27:20.282,2019-01-21 11:27:14.591354,2019-01-21 11:26:54.872,2019-01-21 11:27:20.282
2019-01-21 11:26:54.335377,2019-01-21 11:27:20.405,2019-01-21 11:27:14.592895,2019-01-21 11:26:54.875,2019-01-21 11:27:20.405
2019-01-21 11:26:54.312397,2019-01-21 11:27:20.533,2019-01-21 11:27:14.570620,2019-01-21 11:26:54.672,2019-01-21 11:27:20.533
2019-01-21 11:26:54.349878,2019-01-21 11:27:20.661,2019-01-21 11:27:14.612869,2019-01-21 11:26:54.872,2019-01-21 11:27:20.661
2019-01-21 11:26:54.311117,2019-01-21 11:27:21.249,2019-01-21 11:27:14.569384,2019-01-21 11:26:54.772,2019-01-21 11:27:21.249
2019-01-21 11:26:54.330903,2019-01-21 11:27:21.373,2019-01-21 11:27:14.589648,2019-01-21 11:26:55.174,2019-01-21 11:27:21.373
2019-01-21 11:26:54.328971,2019-01-21 11:27:21.505,2019-01-21 11:27:14.585089,2019-01-21 11:26:54.972,2019-01-21 11:27:21.505
2019-01-21 11:26:54.421626,2019-01-21 11:27:21.627,2019-01-21 11:27:14.701860,2019-01-21 11:26:54.776,2019-01-21 11:27:21.626
2019-01-21 11:26:54.328346,2019-01-21 11:27:21.749,2019-01-21 11:27:14.584723,2019-01-21 11:26:55.271,2019-01-21 11:27:21.749
2019-01-21 11:26:54.311373,2019-01-21 11:27:21.875,2019-01-21 11:27:14.569643,2019-01-21 11:26:54.875,2019-01-21 11:27:21.875
2019-01-21 11:26:54.338257,2019-01-21 11:27:21.998,2019-01-21 11:27:14.609359,2019-01-21 11:26:54.972,2019-01-21 11:27:21.998
2019-01-21 11:26:54.313426,2019-01-21 11:27:22.122,2019-01-21 11:27:14.571709,2019-01-21 11:26:55.172,2019-01-21 11:27:22.122
2019-01-21 11:26:54.349430,2019-01-21 11:27:22.243,2019-01-21 11:27:14.612543,2019-01-21 11:26:55.72,2019-01-21 11:27:22.242
2019-01-21 11:26:54.420789,2019-01-21 11:27:22.366,2019-01-21 11:27:14.699740,2019-01-21 11:26:55.274,2019-01-21 11:27:22.366
2019-01-21 11:26:54.314209,2019-01-21 11:27:22.491,2019-01-21 11:27:14.572432,2019-01-21 11:26:55.272,2019-01-21 11:27:22.490
2019-01-21 11:26:54.348993,2019-01-21 11:27:22.612,2019-01-21 11:27:14.612117,2019-01-21 11:26:55.171,2019-01-21 11:27:22.612
2019-01-21 11:26:54.346308,2019-01-21 11:27:22.737,2019-01-21 11:27:14.610205,2019-01-21 11:26:54.571,2019-01-21 11:27:22.736
2019-01-21 11:26:54.332371,2019-01-21 11:27:22.859,2019-01-21 11:27:14.590788,2019-01-21 11:26:54.673,2019-01-21 11:27:22.859
2019-01-21 11:26:54.546126,2019-01-21 11:27:22.982,2019-01-21 11:27:14.714815,2019-01-21 11:26:54.873,2019-01-21 11:27:22.982
2019-01-21 11:26:54.545868,2019-01-21 11:27:23.111,2019-01-21 11:27:14.712033,2019-01-21 11:26:55.273,2019-01-21 11:27:23.111
2019-01-21 11:26:54.348549,2019-01-21 11:27:23.231,2019-01-21 11:27:14.611823,2019-01-21 11:26:54.671,2019-01-21 11:27:23.230
2019-01-21 11:26:54.420054,2019-01-21 11:27:23.354,2019-01-21 11:27:14.699222,2019-01-21 11:26:54.871,2019-01-21 11:27:23.354
2019-01-21 11:26:54.422296,2019-01-21 11:27:23.479,2019-01-21 11:27:14.702785,2019-01-21 11:26:55.174,2019-01-21 11:27:23.479
2019-01-21 11:26:54.335666,2019-01-21 11:27:23.604,2019-01-21 11:27:14.593150,2019-01-21 11:26:54.874,2019-01-21 11:27:23.604
2019-01-21 11:26:54.323470,2019-01-21 11:27:23.728,2019-01-21 11:27:14.584406,2019-01-21 11:26:54.771,2019-01-21 11:27:23.727
2019-01-21 11:26:54.419107,2019-01-21 11:27:23.847,2019-01-21 11:27:14.698233,2019-01-21 11:26:55.72,2019-01-21 11:27:23.847
2019-01-21 11:26:54.321912,2019-01-21 11:27:23.975,2019-01-21 11:27:14.583136,2019-01-21 11:26:55.179,2019-01-21 11:27:23.974
2019-01-21 11:26:54.420407,2019-01-21 11:27:24.93,2019-01-21 11:27:14.699496,2019-01-21 11:26:54.971,2019-01-21 11:27:24.93
2019-01-21 11:26:54.329724,2019-01-21 11:27:24.219,2019-01-21 11:27:14.585582,2019-01-21 11:26:54.873,2019-01-21 11:27:24.218
2019-01-21 11:26:54.334115,2019-01-21 11:27:24.341,2019-01-21 11:27:14.591865,2019-01-21 11:26:55.73,2019-01-21 11:27:24.340
2019-01-21 11:26:54.331604,2019-01-21 11:27:24.465,2019-01-21 11:27:14.590167,2019-01-21 11:26:54.776,2019-01-21 11:27:24.465
2019-01-21 11:26:54.337955,2019-01-21 11:27:24.594,2019-01-21 11:27:14.609106,2019-01-21 11:26:55.71,2019-01-21 11:27:24.594
2019-01-21 11:26:54.321587,2019-01-21 11:27:24.717,2019-01-21 11:27:14.582885,2019-01-21 11:26:55.175,2019-01-21 11:27:24.717
2019-01-21 11:26:54.547716,2019-01-21 11:27:24.839,2019-01-21 11:27:14.861762,2019-01-21 11:26:55.272,2019-01-21 11:27:24.839
2019-01-21 11:26:54.335098,2019-01-21 11:27:25.61,2019-01-21 11:27:14.592644,2019-01-21 11:26:55.272,2019-01-21 11:27:25.60
